# file	original location	original md5	status
descriptor/LocalSsmcalculator.m	SHARE:MatlabProjects/work/LocalSsmcalculator.m	2e5072935b6050f7c61b714eb6091f01	verbatim
descriptor/LocalSsmcalculatorSameBlock.m	SHARE:MatlabProjects/work/LocalSsmcalculatorSameBlock.m	c046e1e74c91f50b4c73e0198dd5fd13	modified
descriptor/Log_hogcalculator.m	SHARE:MatlabProjects/work/Log_hogcalculator.m	5346566d898e4e09fcf185331af2d9e6	modified
descriptor/Log_hogcalculatorSameBlock.m	SHARE:MatlabProjects/work/Log_hogcalculatorSameBlock.m	60042312b2124382ddccca47ce6e1d7b	verbatim
descriptor/global_hogcalculator.m	SHARE:MatlabProjects/work/global_hogcalculator.m	b0340d2d7e8f0a86a61649c0e94baa2b	modified
descriptor/hogcalculator.m	SHARE:MatlabProjects/work/hogcalculator.m	df9aaa4691d2088d37f13b6916da6f53	modified
experiments/ASL/ClusterTsdData.m	SHARE:MatlabProjects/work/ASLEvaluatingCode/ClusterTsdData.m	5fb182d39cef675ee3391b4826ab2e53	verbatim
experiments/ASL/Get_ClusterAccuracy.m	SHARE:MatlabProjects/work/ASLEvaluatingCode/Get_ClusterAccuracy.m	dde47e771aa374c75c0effb894c7cc9a	verbatim
experiments/ASL/PickupQuery.m	SHARE:MatlabProjects/work/ASLEvaluatingCode/PickupQuery.m	8dabb9a4cb7b0bd8524a7583552d8e78	verbatim
experiments/ASL/Plot_Cluster.m	SHARE:MatlabProjects/work/ASLEvaluatingCode/Plot_Cluster.m	b809804de3b7facedc433a3a74676732	verbatim
experiments/ASL/PyramidMatching.m	SHARE:MatlabProjects/work/ASLEvaluatingCode/PyramidMatching.m	2f73f61218159d704cbf19bf2b661d70	verbatim
experiments/ASL/Query_distance.m	SHARE:MatlabProjects/work/ASLEvaluatingCode/Query_distance.m	2b7905f06b4f7c0371131da4e3f99db5	verbatim
experiments/ASL/Retrieval_data.m	SHARE:MatlabProjects/work/ASLEvaluatingCode/Retrieval_data.m	bb62e8ac817a67a3e417dd06be7cae16	verbatim
experiments/ASL/add_noise.m	SHARE:MatlabProjects/work/ASLEvaluatingCode/add_noise.m	ac68dee9cfa6943d714326fd7b1b11d3	verbatim
experiments/ASL/add_noise_bat.m	SHARE:MatlabProjects/work/ASLEvaluatingCode/add_noise_bat.m	22b8d81ab682962e1f800da7709cfcd3	verbatim
experiments/ASL/anisodiff1D.m	SHARE:MatlabProjects/work/MSRActionEvaluatingCode/anisodiff1D.m	6d91ba01e8cbe0fd36abfd182b6c062d	verbatim
experiments/ASL/construct_ID.m	SHARE:MatlabProjects/work/ASLEvaluatingCode/construct_ID.m	67a0d40861f0d6b7af75899840ea6460	verbatim
experiments/ASL/construct_gmmdata.m	SHARE:MatlabProjects/work/ASLEvaluatingCode/construct_gmmdata.m	bff9eb956241a00629fa53123e552e0b	verbatim
experiments/ASL/construct_hmmdata.m	SHARE:MatlabProjects/work/ASLEvaluatingCode/construct_hmmdata.m	6156c347d1c832e77d0a6920c3f258b1	verbatim
experiments/ASL/distance_matrix.mexw32	SHARE:MatlabProjects/work/ASLEvaluatingCode/distance_matrix.mexw32	83338a26351c72e422a312cbaf394447	verbatim
experiments/ASL/distance_matrix_fd.m	SHARE:MatlabProjects/work/ASLEvaluatingCode/distance_matrix_fd.m	ebaf6eb60a4ef7b4bb657c8b1d325c74	verbatim
experiments/ASL/distance_matrix_kt.mexw32	SHARE:MatlabProjects/work/ASLEvaluatingCode/distance_matrix_kt.mexw32	1fe7a7ba472b9d7a027a16d7af979de5	verbatim
experiments/ASL/distance_matrix_norm1.mexw32	SHARE:MatlabProjects/work/ASLEvaluatingCode/distance_matrix_norm1.mexw32	2e23310b7823ba00254368c8faad7183	verbatim
experiments/ASL/distance_matrix_norm2.mexw32	SHARE:MatlabProjects/work/ASLEvaluatingCode/distance_matrix_norm2.mexw32	935d74f316ec3d2c22dd85bcfbecc455	verbatim
experiments/ASL/distance_matrix_sc.mexw32	SHARE:MatlabProjects/work/MSRActionEvaluatingCode/distance_matrix_sc.mexw32	2be548f00b1b02ad5dbb424753d4dd64	verbatim
experiments/ASL/drawPRC.m	SHARE:MatlabProjects/work/ASLEvaluatingCode/drawPRC.m	363ea8db83865eec85986cf293eddcc9	verbatim
experiments/ASL/dtw_adj_matching.m	SHARE:MatlabProjects/work/ASLEvaluatingCode/dtw_adj_matching.m	841d12c83d21f0d4d8a16692ea6304f7	verbatim
experiments/ASL/dtw_adj_orien.m	SHARE:MatlabProjects/work/ASLEvaluatingCode/dtw_adj_orien.m	f3e44d683412cc96553e3a434d665b15	verbatim
experiments/ASL/dtw_orien.m	SHARE:MatlabProjects/work/ASLEvaluatingCode/dtw_orien.m	98ad676c2212135e0dd76e4bdd75959d	verbatim
experiments/ASL/ensemble_bat.m	SHARE:MatlabProjects/work/ASLEvaluatingCode/ensemble_bat.m	5a1d37dc69e4f20bb833d640ac576a1a	verbatim
experiments/ASL/feature_dist_matching.m	SHARE:MatlabProjects/work/ASLEvaluatingCode/feature_dist_matching.m	ecfe28785cdf9d61875b46af0860bd63	verbatim
experiments/ASL/feature_dist_orien_matrix.m	SHARE:MatlabProjects/work/ASLEvaluatingCode/feature_dist_orien_matrix.m	3d71f77076974c6b922970ea5718495f	verbatim
experiments/ASL/feature_dist_sc_matrix.m	SHARE:MatlabProjects/work/MSRActionEvaluatingCode/feature_dist_sc_matrix.m	b88b8def2743877da1ee9f876801697a	verbatim
experiments/ASL/gene_codebook.m	SHARE:MatlabProjects/work/ASLEvaluatingCode/gene_codebook.m	77df390f3025d2f6d2aa6c9b6eec5dd8	verbatim
experiments/ASL/gene_codebook_ScSPM.m	SHARE:MatlabProjects/work/ASLEvaluatingCode/gene_codebook_ScSPM.m	009cc34b92700afe71f1ae61404beec8	verbatim
experiments/ASL/gene_codebook_pyramid.m	SHARE:MatlabProjects/work/ASLEvaluatingCode/gene_codebook_pyramid.m	e5bcc64b58699500740c6b3ad83f7c85	verbatim
experiments/ASL/gene_descriptor.m	SHARE:MatlabProjects/work/ASLEvaluatingCode/gene_descriptor.m	5db3b2e81b3a67a7036da238db254a66	modified
experiments/ASL/gene_descriptor_diff.m	SHARE:MatlabProjects/work/ASLEvaluatingCode/gene_descriptor_diff.m	908353bc54720e1697e8ba7cd519f7de	modified
experiments/ASL/gene_descriptor_diff_samples.m	SHARE:MatlabProjects/work/ASLEvaluatingCode/gene_descriptor_diff_samples.m	79e672fbb3020edaaa2d14cfd419baec	modified
experiments/ASL/gene_descriptor_integral.m	SHARE:MatlabProjects/work/ASLEvaluatingCode/gene_descriptor_integral.m	99f4c74d882574a92e2cb327c7c3a152	modified
experiments/ASL/gene_descriptor_integral_samples.m	SHARE:MatlabProjects/work/ASLEvaluatingCode/gene_descriptor_integral_samples.m	69c4d236a07f974ccb1709262fe1b695	modified
experiments/ASL/gene_descriptor_samples.m	SHARE:MatlabProjects/work/ASLEvaluatingCode/gene_descriptor_samples.m	c96e9a301a00bc1f3fa2a72e2248cac6	modified
experiments/ASL/gene_relative_descrip.m	SHARE:MatlabProjects/work/ASLEvaluatingCode/gene_relative_descrip.m	5188aab6a0a035db11a9528c26e72ce1	verbatim
experiments/ASL/libli2nsvm_multiclass_fwd.cpp	SHARE:MatlabProjects/work/ASLEvaluatingCode/libli2nsvm_multiclass_fwd.cpp	de30078ff0eae6e4f50776671ed292c4	verbatim
experiments/ASL/libli2nsvm_multiclass_fwd.dll	SHARE:MatlabProjects/work/ASLEvaluatingCode/libli2nsvm_multiclass_fwd.dll	b356a7dfe99c8ef16ab22903d5657dd8	verbatim
experiments/ASL/libli2nsvm_multiclass_fwd.h	SHARE:MatlabProjects/work/ASLEvaluatingCode/libli2nsvm_multiclass_fwd.h	413d55d57dbd71f73ef161725d669fe0	verbatim
experiments/ASL/libsc_pooling_ts.cpp	SHARE:MatlabProjects/work/ASLEvaluatingCode/libsc_pooling_ts.cpp	01fafbba11ff03d3ca8819e4d123cede	verbatim
experiments/ASL/libsc_pooling_ts.dll	SHARE:MatlabProjects/work/ASLEvaluatingCode/libsc_pooling_ts.dll	10641639a56b10063073477530ba909e	verbatim
experiments/ASL/libsc_pooling_ts.h	SHARE:MatlabProjects/work/ASLEvaluatingCode/libsc_pooling_ts.h	21950afd50b0191966590188dfa8052d	verbatim
experiments/ASL/load_tsd_bat.m	SHARE:MatlabProjects/work/ASLEvaluatingCode/load_tsd_bat.m	89cdf2596cb67a51757b22b458a38bfa	modified
experiments/ASL/medfilt3.m	SHARE:MatlabProjects/work/ASLEvaluatingCode/medfilt3.m	c0afe86da4644093f0b9989a422a36fd	verbatim
experiments/ASL/mhmm_classifier.m	SHARE:MatlabProjects/work/ASLEvaluatingCode/mhmm_classifier.m	b2a2fdd8ada4a184044ef3a11be649ec	verbatim
experiments/ASL/preprocess_bat.m	SHARE:MatlabProjects/work/ASLEvaluatingCode/preprocess_bat.m	82608616e2d18f35a2e93d98140b2e64	verbatim
experiments/ASL/preprocess_sign.m	SHARE:MatlabProjects/work/ASLEvaluatingCode/preprocess_sign.m	d71b7c715f3aa4f47fd2c9f629f6b19a	modified
experiments/ASL/preprocess_tsd.m	SHARE:MatlabProjects/work/ASLEvaluatingCode/preprocess_tsd.m	4bee73dc6ae834ed7a0a7c71435d65fe	modified
experiments/ASL/rand_sampling_ts.m	SHARE:MatlabProjects/work/ASLEvaluatingCode/rand_sampling_ts.m	f684821877973279006dd11422998829	verbatim
experiments/ASL/recognition_dtw_tsd_bat.m	SHARE:MatlabProjects/work/ASLEvaluatingCode/recognition_dtw_tsd_bat.m	00d70982c146323e40a3c7d2d0b82106	verbatim
experiments/ASL/relative_descrip_bat.m	SHARE:MatlabProjects/work/ASLEvaluatingCode/relative_descrip_bat.m	e1844e822697ac9ea4a5f2e6b3074df2	verbatim
experiments/ASL/sc_approx_pooling_ts.m	SHARE:MatlabProjects/work/ASLEvaluatingCode/sc_approx_pooling_ts.m	3994f37f8be9adb213997691b3bd2424	verbatim
experiments/ASL/sc_pooling_ts.m	SHARE:MatlabProjects/work/ASLEvaluatingCode/sc_pooling_ts.m	1c35a793e55655e261b443b5fdf85f56	verbatim
experiments/ASL/shuffle_db.m	SHARE:MatlabProjects/work/ASLEvaluatingCode/shuffle_db.m	90e0a2194f8048f2c7b9d7643cc8acb5	verbatim
experiments/ASL/tsdtodata.m	SHARE:MatlabProjects/work/ASLEvaluatingCode/tsdtodata.m	6c3ecb39549d8ff9d1433d4627ccff24	verbatim
experiments/MSRAction3D/ClusterAllData.m	SHARE:MatlabProjects/work/MSRActionEvaluatingCode/ClusterAllData.m	c535d9299209091a639af950e7fa2147	verbatim
experiments/MSRAction3D/GeneScCodeJointPyramid.m	SHARE:MatlabProjects/work/MSRActionEvaluatingCode/GeneScCodeJointPyramid.m	42f6afc008d00d155f2111a2df089592	verbatim
experiments/MSRAction3D/GeneTSSM.m	SHARE:MatlabProjects/work/MSRActionEvaluatingCode/GeneTSSM.m	d473da664555c46cdbb3e2b764fa9052	verbatim
experiments/MSRAction3D/Get_ClusterAccuracy.m	SHARE:MatlabProjects/work/MSRActionEvaluatingCode/Get_ClusterAccuracy.m	dde47e771aa374c75c0effb894c7cc9a	verbatim
experiments/MSRAction3D/PickupQuery.m	SHARE:MatlabProjects/work/ASLEvaluatingCode/PickupQuery.m	8dabb9a4cb7b0bd8524a7583552d8e78	verbatim
experiments/MSRAction3D/Plot_Cluster.m	SHARE:MatlabProjects/work/MSRActionEvaluatingCode/Plot_Cluster.m	8eee4209ad65d50e5a4e1d44fd96fede	verbatim
experiments/MSRAction3D/PyramidMatching.m	SHARE:MatlabProjects/work/ASLEvaluatingCode/PyramidMatching.m	2f73f61218159d704cbf19bf2b661d70	verbatim
experiments/MSRAction3D/Query_distance.m	SHARE:MatlabProjects/work/ASLEvaluatingCode/Query_distance.m	2b7905f06b4f7c0371131da4e3f99db5	verbatim
experiments/MSRAction3D/Retrieval_data.m	SHARE:MatlabProjects/work/ASLEvaluatingCode/Retrieval_data.m	bb62e8ac817a67a3e417dd06be7cae16	verbatim
experiments/MSRAction3D/Temporal_SSM.m	SHARE:MatlabProjects/work/MSRActionEvaluatingCode/Temporal_SSM.m	5bcc1fae2d924a92ea3bdd9841ce53f5	verbatim
experiments/MSRAction3D/Temporal_SSMofHierarD.m	SHARE:MatlabProjects/work/MSRActionEvaluatingCode/Temporal_SSMofHierarD.m	819c10fbe7464e92cd9643af146f7e57	verbatim
experiments/MSRAction3D/add_noise.m	SHARE:MatlabProjects/work/MSRActionEvaluatingCode/add_noise.m	8ed9438f2b2ec2067167da886758c304	verbatim
experiments/MSRAction3D/add_noise_bat.m	SHARE:MatlabProjects/work/MSRActionEvaluatingCode/add_noise_bat.m	9b6adf6afc561e4d2b75049db5d389b4	verbatim
experiments/MSRAction3D/anisodiff1D.m	SHARE:MatlabProjects/work/MSRActionEvaluatingCode/anisodiff1D.m	6d91ba01e8cbe0fd36abfd182b6c062d	verbatim
experiments/MSRAction3D/construct_ID.m	SHARE:MatlabProjects/work/MSRActionEvaluatingCode/construct_ID.m	d76d57e98ae7fedecbaf901af0f66f06	verbatim
experiments/MSRAction3D/construct_hmmdata.m	SHARE:MatlabProjects/work/MSRActionEvaluatingCode/construct_hmmdata.m	c174d7ba66da156555d87fb751d05cfb	verbatim
experiments/MSRAction3D/costFunctionReg.m	SHARE:MatlabProjects/work/MSRActionEvaluatingCode/costFunctionReg.m	f894ffa6d45a4963eb6c2097fc3f3f50	verbatim
experiments/MSRAction3D/dba.m	SHARE:MatlabProjects/work/MSRActionEvaluatingCode/dba.m	06a868620e65034cab48a743e02807cd	verbatim
experiments/MSRAction3D/distance_matrix.mexw32	SHARE:MatlabProjects/work/MSRActionEvaluatingCode/distance_matrix.mexw32	a3bdee22fb7bf19bcc8459034156b17c	verbatim
experiments/MSRAction3D/distance_matrix.mexw64	SHARE:MatlabProjects/work/MSRActionEvaluatingCode/distance_matrix.mexw64	7071b2e939def36d063c4495db537934	verbatim
experiments/MSRAction3D/distance_matrix_fd.m	SHARE:MatlabProjects/work/MSRActionEvaluatingCode/distance_matrix_fd.m	2a7da140be4f6c2a870117b11df218d5	verbatim
experiments/MSRAction3D/distance_matrix_kt.mexw32	SHARE:MatlabProjects/work/MSRActionEvaluatingCode/distance_matrix_kt.mexw32	1fe7a7ba472b9d7a027a16d7af979de5	verbatim
experiments/MSRAction3D/distance_matrix_kt.mexw64	SHARE:MatlabProjects/work/MSRActionEvaluatingCode/distance_matrix_kt.mexw64	c6a57aa0de3064e14bcf368e59e05328	verbatim
experiments/MSRAction3D/distance_matrix_norm1.mexw32	SHARE:MatlabProjects/work/MSRActionEvaluatingCode/distance_matrix_norm1.mexw32	2e23310b7823ba00254368c8faad7183	verbatim
experiments/MSRAction3D/distance_matrix_norm1.mexw64	SHARE:MatlabProjects/work/MSRActionEvaluatingCode/distance_matrix_norm1.mexw64	7c173969f3217b147c4d7ff21330b9a0	verbatim
experiments/MSRAction3D/distance_matrix_norm2.mexw32	SHARE:MatlabProjects/work/MSRActionEvaluatingCode/distance_matrix_norm2.mexw32	935d74f316ec3d2c22dd85bcfbecc455	verbatim
experiments/MSRAction3D/distance_matrix_norm2.mexw64	SHARE:MatlabProjects/work/MSRActionEvaluatingCode/distance_matrix_norm2.mexw64	dff46af42e11ef37d9a0f8e5cf650d2e	verbatim
experiments/MSRAction3D/distance_matrix_sc.mexw32	SHARE:MatlabProjects/work/MSRActionEvaluatingCode/distance_matrix_sc.mexw32	2be548f00b1b02ad5dbb424753d4dd64	verbatim
experiments/MSRAction3D/drawPRC.m	SHARE:MatlabProjects/work/ASLEvaluatingCode/drawPRC.m	363ea8db83865eec85986cf293eddcc9	verbatim
experiments/MSRAction3D/drawskt.m	SHARE:MatlabProjects/work/MSRActionEvaluatingCode/drawskt.m	7e75fe35758c46d7e9a7c4ee56e13420	verbatim
experiments/MSRAction3D/dtw.m	SHARE:MatlabProjects/work/MSRActionEvaluatingCode/dtw.m	bdab2930947b379128d5f0fb3b2f4ad5	verbatim
experiments/MSRAction3D/dtw_adj_matching.m	SHARE:MatlabProjects/work/MSRActionEvaluatingCode/dtw_adj_matching.m	13aaae9e11a5b4035f14b8d4afdee0f0	verbatim
experiments/MSRAction3D/dtw_adj_orien.m	SHARE:MatlabProjects/work/MSRActionEvaluatingCode/dtw_adj_orien.m	f443185c2b73313bedb7942824c13b00	verbatim
experiments/MSRAction3D/dtw_orien.m	SHARE:MatlabProjects/work/ASLEvaluatingCode/dtw_orien.m	98ad676c2212135e0dd76e4bdd75959d	verbatim
experiments/MSRAction3D/ensemble_bat.m	SHARE:MatlabProjects/work/MSRActionEvaluatingCode/ensemble_bat.m	886dfd6c05bc1dfe94cc2c9fc2cc263f	verbatim
experiments/MSRAction3D/feature_dist_matching.m	SHARE:MatlabProjects/work/MSRActionEvaluatingCode/feature_dist_matching.m	c46ec0c7f47e3077d0c74fd07ab83c76	verbatim
experiments/MSRAction3D/feature_dist_orien_matrix.m	SHARE:MatlabProjects/work/MSRActionEvaluatingCode/feature_dist_orien_matrix.m	71f9468fe946b165073be3a6988f2654	verbatim
experiments/MSRAction3D/feature_dist_sc_matrix.m	SHARE:MatlabProjects/work/MSRActionEvaluatingCode/feature_dist_sc_matrix.m	b88b8def2743877da1ee9f876801697a	verbatim
experiments/MSRAction3D/fusion_dtwdata.m	SHARE:MatlabProjects/work/MSRActionEvaluatingCode/fusion_dtwdata.m	442c95005db39ceffc3f3589baef704c	verbatim
experiments/MSRAction3D/gene_TSSM.m	SHARE:MatlabProjects/work/MSRActionEvaluatingCode/gene_TSSM.m	d69427baf34bf31ddc98b3f0a3b6cc0a	verbatim
experiments/MSRAction3D/gene_codebook_ScSPM.m	SHARE:MatlabProjects/work/MSRActionEvaluatingCode/gene_codebook_ScSPM.m	e0510547781bdc30d16aa8761f081e14	verbatim
experiments/MSRAction3D/gene_codebook_pyramid.m	SHARE:MatlabProjects/work/ASLEvaluatingCode/gene_codebook_pyramid.m	e5bcc64b58699500740c6b3ad83f7c85	verbatim
experiments/MSRAction3D/gene_descriptor.m	SHARE:MatlabProjects/work/MSRActionEvaluatingCode/gene_descriptor.m	c84203fbf06293318c043430d446d2f2	modified
experiments/MSRAction3D/gene_descriptor_integral.m	SHARE:MatlabProjects/work/MSRActionEvaluatingCode/gene_descriptor_integral.m	df8acb73ceb81191ec4d859e5f5512c9	modified
experiments/MSRAction3D/gene_descriptor_integral_samples.m	SHARE:MatlabProjects/work/MSRActionEvaluatingCode/gene_descriptor_integral_samples.m	aaba83fa9eb8ee49960265dbd38bdb39	modified
experiments/MSRAction3D/gene_descriptor_samples.m	SHARE:MatlabProjects/work/MSRActionEvaluatingCode/gene_descriptor_samples.m	d123d4f02190a132e0b099a3f791dbfe	modified
experiments/MSRAction3D/gene_relative_descrip.m	SHARE:MatlabProjects/work/MSRActionEvaluatingCode/gene_relative_descrip.m	5188aab6a0a035db11a9528c26e72ce1	verbatim
experiments/MSRAction3D/getLabels.m	SHARE:MatlabProjects/work/MSRActionEvaluatingCode/getLabels.m	534cb15f65c4ab14ead2a341027ea92a	verbatim
experiments/MSRAction3D/hist_cost.c	SHARE:MatlabProjects/work/MSRActionEvaluatingCode/hist_cost.c	6eff855a2a9eefa40df1c3054c4b7809	verbatim
experiments/MSRAction3D/hist_cost.dll	SHARE:MatlabProjects/work/MSRActionEvaluatingCode/hist_cost.dll	60347b7143a1268d9ac77be82755928a	verbatim
experiments/MSRAction3D/hist_cost.h	SHARE:MatlabProjects/work/MSRActionEvaluatingCode/hist_cost.h	e809415d36882e7e1e4aac6884594d90	verbatim
experiments/MSRAction3D/hist_cost_2.m	SHARE:MatlabProjects/work/MSRActionEvaluatingCode/hist_cost_2.m	3d8e305ec617c111fa7a13f742aff388	verbatim
experiments/MSRAction3D/load_MSRtxt_bat.m	SHARE:MatlabProjects/work/MSRActionEvaluatingCode/load_MSRtxt_bat.m	320a96d5038bcbb7ab8a59af7c5d6e75	modified
experiments/MSRAction3D/mhmm_classifier.m	SHARE:MatlabProjects/work/MSRActionEvaluatingCode/mhmm_classifier.m	6b9d2230f67be56f82fb0603c9594dbb	verbatim
experiments/MSRAction3D/minimize.m	SHARE:MatlabProjects/work/MSRActionEvaluatingCode/minimize.m	e588274920a28ffda2f689d5835cb29f	verbatim
experiments/MSRAction3D/predictBinRegression.m	SHARE:MatlabProjects/work/MSRActionEvaluatingCode/predictBinRegression.m	fcb4ed5e6b8e1c79797cb9f9fa719f26	verbatim
experiments/MSRAction3D/preprocess.m	SHARE:MatlabProjects/work/MSRActionEvaluatingCode/preprocess.m	5b467a98f0ef1e2ec8843c2914b76d75	modified
experiments/MSRAction3D/preprocess_bat.m	SHARE:MatlabProjects/work/MSRActionEvaluatingCode/preprocess_bat.m	51ceec6eb203b04f45081c41df115016	verbatim
experiments/MSRAction3D/rand_sampling_ts.m	SHARE:MatlabProjects/work/MSRActionEvaluatingCode/rand_sampling_ts.m	11a33d1ef8689dd92e7b6f68c59135d4	verbatim
experiments/MSRAction3D/readMSRtxt.m	SHARE:MatlabProjects/work/MSRActionEvaluatingCode/readMSRtxt.m	c1ec7f280fa555b91b01a48533eaa77d	verbatim
experiments/MSRAction3D/recognition_dtw_MSRA_bat.m	SHARE:MatlabProjects/work/MSRActionEvaluatingCode/recognition_dtw_MSRA_bat.m	cb8f4d3c79d1447c82b71db1300059a6	verbatim
experiments/MSRAction3D/recognition_ssm_MSRA_bat.m	SHARE:MatlabProjects/work/MSRActionEvaluatingCode/recognition_ssm_MSRA_bat.m	03d87e918e7a41ce015b89420af43808	verbatim
experiments/MSRAction3D/relative_descrip_bat.m	SHARE:MatlabProjects/work/MSRActionEvaluatingCode/relative_descrip_bat.m	d23c7c24c984b9f821e14b0ea7ad5f02	verbatim
experiments/MSRAction3D/repreprocess_bat.m	SHARE:MatlabProjects/work/MSRActionEvaluatingCode/repreprocess_bat.m	a0669922aa448ef727687dca9fde81b0	verbatim
experiments/MSRAction3D/sc_approx_pooling_ts.m	SHARE:MatlabProjects/work/MSRActionEvaluatingCode/sc_approx_pooling_ts.m	2b17dcbe8467deceb56a151faf95a67d	verbatim
experiments/MSRAction3D/sc_pooling_ts.m	SHARE:MatlabProjects/work/MSRActionEvaluatingCode/sc_pooling_ts.m	219c44c8d28b53afaf21ecbe59de51b7	verbatim
experiments/MSRAction3D/trainBinRegression.m	SHARE:MatlabProjects/work/MSRActionEvaluatingCode/trainBinRegression.m	be56ae4eba6b5b891bf08fe605caa0e2	verbatim
experiments/MSRAction3D/train_dtw.m	SHARE:MatlabProjects/work/MSRActionEvaluatingCode/train_dtw.m	da27c1d7ef6e3cbb1e64d9edd13e5943	verbatim
experiments/MSRC12/ClusterAllData.m	SHARE:MatlabProjects/work/MicrosoftGestureEvaluatingCode/ClusterAllData.m	50f988a23767f887289b004d2c0dc8dd	verbatim
experiments/MSRC12/ClusterAllData_JointFeatures.m	SHARE:MatlabProjects/work/MicrosoftGestureEvaluatingCode/ClusterAllData_JointFeatures.m	93d0bb8d3a419b683e7e615f79e815f4	verbatim
experiments/MSRC12/Get_ClusterAccuracy.m	SHARE:MatlabProjects/work/MicrosoftGestureEvaluatingCode/Get_ClusterAccuracy.m	dde47e771aa374c75c0effb894c7cc9a	verbatim
experiments/MSRC12/PickupQuery.m	SHARE:MatlabProjects/work/MicrosoftGestureEvaluatingCode/PickupQuery.m	8dabb9a4cb7b0bd8524a7583552d8e78	verbatim
experiments/MSRC12/Plot_Cluster.m	SHARE:MatlabProjects/work/MicrosoftGestureEvaluatingCode/Plot_Cluster.m	f74ff17f963a52e8d890d72c8565b13c	verbatim
experiments/MSRC12/Query_distance.m	SHARE:MatlabProjects/work/MicrosoftGestureEvaluatingCode/Query_distance.m	fbd29e306bbfc219d247c86623c27c31	verbatim
experiments/MSRC12/Query_distance_RankOne.m	SHARE:MatlabProjects/work/MicrosoftGestureEvaluatingCode/Query_distance_RankOne.m	ac56ef826f1d399c8ed834b1ac4059c4	verbatim
experiments/MSRC12/Retrieval_data.m	SHARE:MatlabProjects/work/MicrosoftGestureEvaluatingCode/Retrieval_data.m	bb62e8ac817a67a3e417dd06be7cae16	verbatim
experiments/MSRC12/Temporal_SSMofHierarD.m	SHARE:MatlabProjects/work/MicrosoftGestureEvaluatingCode/Temporal_SSMofHierarD.m	819c10fbe7464e92cd9643af146f7e57	verbatim
experiments/MSRC12/add_noise.m	SHARE:MatlabProjects/work/MicrosoftGestureEvaluatingCode/add_noise.m	b5cbe5064165c41403729f95cac63b44	verbatim
experiments/MSRC12/add_noise_bat.m	SHARE:MatlabProjects/work/MicrosoftGestureEvaluatingCode/add_noise_bat.m	7318953fe798be6879aff17630a8b4f3	verbatim
experiments/MSRC12/construct_ID.m	SHARE:MatlabProjects/work/MicrosoftGestureEvaluatingCode/construct_ID.m	e445652dff85eb384069de51453f6ed7	verbatim
experiments/MSRC12/construct_gmmdata.m	SHARE:MatlabProjects/work/MicrosoftGestureEvaluatingCode/construct_gmmdata.m	9699b0edc02aaa78feae823cce1d49dd	verbatim
experiments/MSRC12/construct_hmmdata.m	SHARE:MatlabProjects/work/MicrosoftGestureEvaluatingCode/construct_hmmdata.m	efe2885694ca4dce4fcb0c42ced5ce0a	verbatim
experiments/MSRC12/distance_matrix.mexw32	SHARE:MatlabProjects/work/MicrosoftGestureEvaluatingCode/distance_matrix.mexw32	aaf1e5fafe281334fb9685bbada7360d	verbatim
experiments/MSRC12/distance_matrix_fd.m	SHARE:MatlabProjects/work/MicrosoftGestureEvaluatingCode/distance_matrix_fd.m	ebaf6eb60a4ef7b4bb657c8b1d325c74	verbatim
experiments/MSRC12/distance_matrix_kt.mexw32	SHARE:MatlabProjects/work/MicrosoftGestureEvaluatingCode/distance_matrix_kt.mexw32	1fe7a7ba472b9d7a027a16d7af979de5	verbatim
experiments/MSRC12/distance_matrix_norm1.mexw32	SHARE:MatlabProjects/work/MicrosoftGestureEvaluatingCode/distance_matrix_norm1.mexw32	2e23310b7823ba00254368c8faad7183	verbatim
experiments/MSRC12/distance_matrix_norm2.mexw32	SHARE:MatlabProjects/work/MicrosoftGestureEvaluatingCode/distance_matrix_norm2.mexw32	935d74f316ec3d2c22dd85bcfbecc455	verbatim
experiments/MSRC12/drawPRC.m	SHARE:MatlabProjects/work/MicrosoftGestureEvaluatingCode/drawPRC.m	363ea8db83865eec85986cf293eddcc9	verbatim
experiments/MSRC12/dtw_adj_matching.m	SHARE:MatlabProjects/work/MicrosoftGestureEvaluatingCode/dtw_adj_matching.m	0bcdaed673d5f76aa0104f738dae0fd2	verbatim
experiments/MSRC12/dtw_adj_orien.m	SHARE:MatlabProjects/work/MicrosoftGestureEvaluatingCode/dtw_adj_orien.m	cc737cbba877d2371f7b9813c5f92e51	verbatim
experiments/MSRC12/ensemble_bat.m	SHARE:MatlabProjects/work/MicrosoftGestureEvaluatingCode/ensemble_bat.m	d7fa228ab572b4dcb1e71c349b92a53c	verbatim
experiments/MSRC12/feature_dist_matching.m	SHARE:MatlabProjects/work/MicrosoftGestureEvaluatingCode/feature_dist_matching.m	57b0a285d90bd5fdd8ebcf0a4f193a65	verbatim
experiments/MSRC12/feature_dist_orien_matrix.m	SHARE:MatlabProjects/work/MicrosoftGestureEvaluatingCode/feature_dist_orien_matrix.m	938e5672ab7a5771c7a0a1f5453f4a69	verbatim
experiments/MSRC12/gene_TSSM.m	SHARE:MatlabProjects/work/MicrosoftGestureEvaluatingCode/gene_TSSM.m	2e663aa2762ca9856ecb49e5ae3040f5	verbatim
experiments/MSRC12/gene_codebook.m	SHARE:MatlabProjects/work/MicrosoftGestureEvaluatingCode/gene_codebook.m	2948358f28342993c56db790f9c30e88	verbatim
experiments/MSRC12/gene_codebook_ScSPM.m	SHARE:MatlabProjects/work/MicrosoftGestureEvaluatingCode/gene_codebook_ScSPM.m	084989cd3bef3a59c17b0efb14bc525f	verbatim
experiments/MSRC12/gene_codebook_pyramid.m	SHARE:MatlabProjects/work/MicrosoftGestureEvaluatingCode/gene_codebook_pyramid.m	e5bcc64b58699500740c6b3ad83f7c85	verbatim
experiments/MSRC12/gene_descriptor_diff.m	SHARE:MatlabProjects/work/MicrosoftGestureEvaluatingCode/gene_descriptor_diff.m	2887edcd7a08e90ca0cbc482a20fe7d6	modified
experiments/MSRC12/gene_descriptor_diff_samples.m	SHARE:MatlabProjects/work/MicrosoftGestureEvaluatingCode/gene_descriptor_diff_samples.m	1ce4c7c2e25a384a1972899b90620a43	modified
experiments/MSRC12/gene_descriptor_fd.m	SHARE:MatlabProjects/work/MicrosoftGestureEvaluatingCode/gene_descriptor_fd.m	f3a6a58e93214bba018d1617bcbcab9e	modified
experiments/MSRC12/gene_descriptor_fd_samples.m	SHARE:MatlabProjects/work/MicrosoftGestureEvaluatingCode/gene_descriptor_fd_samples.m	cd7d0360d31a110c0cd811f4527c64ea	modified
experiments/MSRC12/gene_descriptor_integral.m	SHARE:MatlabProjects/work/MicrosoftGestureEvaluatingCode/gene_descriptor_integral.m	8d770210361974890b00c5fcebbb321f	modified
experiments/MSRC12/gene_descriptor_integral_samples.m	SHARE:MatlabProjects/work/MicrosoftGestureEvaluatingCode/gene_descriptor_integral_samples.m	604c8a797e8a9e413ecd7b4f32f330d3	modified
experiments/MSRC12/gene_relative_descrip.m	SHARE:MatlabProjects/work/MicrosoftGestureEvaluatingCode/gene_relative_descrip.m	1e0e81bb4d342f4bac645b32411567b8	verbatim
experiments/MSRC12/load_txt_bat.m	SHARE:MatlabProjects/work/MicrosoftGestureEvaluatingCode/load_txt_bat.m	48005998a5e4973f40e16c690681afb5	modified
experiments/MSRC12/mhmm_classifier.m	SHARE:MatlabProjects/work/MicrosoftGestureEvaluatingCode/mhmm_classifier.m	522a05201ec460c5dc436e94d1094a01	verbatim
experiments/MSRC12/preprocess.m	SHARE:MatlabProjects/work/MicrosoftGestureEvaluatingCode/preprocess.m	072caaf116f6528f2eb3f02fa505ff15	modified
experiments/MSRC12/preprocess_bat.m	SHARE:MatlabProjects/work/MicrosoftGestureEvaluatingCode/preprocess_bat.m	17f8e590d29a45e1b615f7ea6351cede	verbatim
experiments/MSRC12/rand_sampling_ts.m	SHARE:MatlabProjects/work/MicrosoftGestureEvaluatingCode/rand_sampling_ts.m	b7edcf0521fe91d614c1a0ac03e59773	verbatim
experiments/MSRC12/recognition_dtw_MR_txt.m	SHARE:MatlabProjects/work/MicrosoftGestureEvaluatingCode/recognition_dtw_MR_txt.m	30b2a540e2639d9165ec52686d974713	verbatim
experiments/MSRC12/relative_descrip_bat.m	SHARE:MatlabProjects/work/MicrosoftGestureEvaluatingCode/relative_descrip_bat.m	db049c0e5eaa033144e15de020f8cfd6	verbatim
experiments/MSRC12/repreprocess_bat.m	SHARE:MatlabProjects/work/MicrosoftGestureEvaluatingCode/repreprocess_bat.m	312f1d4f8b100b61485edd96294ac454	verbatim
experiments/MSRC12/sc_approx_pooling_ts.m	SHARE:MatlabProjects/work/MicrosoftGestureEvaluatingCode/sc_approx_pooling_ts.m	3994f37f8be9adb213997691b3bd2424	verbatim
experiments/MSRC12/sc_pooling_ts.m	SHARE:MatlabProjects/work/MicrosoftGestureEvaluatingCode/sc_pooling_ts.m	1c35a793e55655e261b443b5fdf85f56	verbatim
experiments/MSRC12/self_similarity.m	SHARE:MatlabProjects/work/MicrosoftGestureEvaluatingCode/self_similarity.m	168ad969efc94e01b033568cc2911d76	verbatim
experiments/MSRC12/shuffle_db.m	SHARE:MatlabProjects/work/MicrosoftGestureEvaluatingCode/shuffle_db.m	bbe3fdf8290f49f06e1d1555e89c3646	verbatim
figures/plot_bases_sparse.m	SHARE:MatlabProjects/work/plot_bases_sparse.m	d9f46c5f2720bc60ffc1bd9db239dbf0	verbatim
iid/baselines/descriptor_comp.m	IID:baselines/descriptor_comp.m	2900bd235b7035a958198f7e0878adb4	verbatim
iid/baselines/sc3d_compute.m	IID:baselines/sc3d_compute.m	7848b4ca3d6c8b9cb213ae7e09042e46	verbatim
iid/baselines/wav_filter.m	IID:baselines/wav_filter.m	3cdf638c3a239ee7385ee10a543b8b5f	verbatim
iid/core/Estimate_Frenet.m	IID:core/Estimate_Frenet.m	2525260928f7953aa2197abfcf065901	verbatim
iid/core/curve_grid.m	IID:core/curve_grid.m	49c02730ff7f38b6835fcf8bded8b670	verbatim
iid/core/estimate_integral.m	IID:core/estimate_integral.m	f8b759dcd3f6fbb2c6c3b0fbf0c20980	verbatim
iid/core/estimate_integral_dist.m	IID:core/estimate_integral_dist.m	68aeab3960be3af5b024c45f63ef3d77	verbatim
iid/core/estimate_integral_fig.m	IID:core/estimate_integral_fig.m	7c8eb267c7511373ea12ef1945f49491	verbatim
iid/core/integral_invariant.m	IID:core/integral_invariant.m	9fbf7622c6934cf5ea7315d836770873	verbatim
iid/core/integral_invariant_dist.m	IID:core/integral_invariant_dist.m	4d37756e90d4870a1d2d78eb590cd1fa	verbatim
iid/core/integral_invariant_dist_mkn.m	IID:core/integral_invariant_dist_mkn.m	0eae8ab0b80b085a23aeb7b147a79aff	verbatim
iid/core/integral_invariant_dist_ms.m	IID:core/integral_invariant_dist_ms.m	eb90f20507365c6a675671e280b83c8e	verbatim
iid/core/integral_invariant_kn.m	IID:core/integral_invariant_kn.m	036734c419d8bfb1478f28e1a999d2aa	verbatim
iid/core/integral_invariant_ms.m	IID:core/integral_invariant_ms.m	8ae424fe9b247c7c3206e9ed536bc9d9	verbatim
iid/figures/plot_MBS.m	IID:figures/plot_MBS.m	46a23fbf282570df769bfa6bec683ccb	verbatim
iid/matching/bin/distance_matrix.mexw32	IID:matching/bin/distance_matrix.mexw32	aaf1e5fafe281334fb9685bbada7360d	verbatim
iid/matching/bin/distance_matrix_kt.mexmaci64	IID:matching/bin/distance_matrix_kt.mexmaci64	cfeb7d890fb80e6134ffe6d4ca9f985f	verbatim
iid/matching/bin/distance_matrix_kt.mexw32	IID:matching/bin/distance_matrix_kt.mexw32	1fe7a7ba472b9d7a027a16d7af979de5	verbatim
iid/matching/bin/distance_matrix_norm1.mexmaci64	IID:matching/bin/distance_matrix_norm1.mexmaci64	f0fb4b080c3960fa33f82f256506fb92	verbatim
iid/matching/bin/distance_matrix_norm1.mexw32	IID:matching/bin/distance_matrix_norm1.mexw32	2e23310b7823ba00254368c8faad7183	verbatim
iid/matching/bin/distance_matrix_norm2.mexmaci64	IID:matching/bin/distance_matrix_norm2.mexmaci64	ed7628a4f6057b97bf7ef128c76c446d	verbatim
iid/matching/bin/distance_matrix_norm2.mexw32	IID:matching/bin/distance_matrix_norm2.mexw32	935d74f316ec3d2c22dd85bcfbecc455	verbatim
iid/matching/bin/dpcore.mexmaci64	IID:matching/bin/dpcore.mexmaci64	c17a27db163e9ae00cb6ea65b66640bd	verbatim
iid/matching/bin/dpcore.mexw32	IID:matching/bin/dpcore.mexw32	d603238c2f956aefddf328dda83c4d25	verbatim
iid/matching/bin/dpcore.mexw64	IID:matching/bin/dpcore.mexw64	d7e8e3477c2950442a749f0807f9ee76	verbatim
iid/matching/bin/dtwpath.mexmaci64	IID:matching/bin/dtwpath.mexmaci64	c615f75a7f6587df9c089d8c1f404887	verbatim
iid/matching/bin/dtwpath.mexw32	IID:matching/bin/dtwpath.mexw32	2ee800a20f55d3517b09826f537d0327	verbatim
iid/matching/bin/dtwpath.mexw64	IID:matching/bin/dtwpath.mexw64	b82d42f0042dacd4376750d0a4108949	verbatim
iid/matching/bin/hist_isect_c.mexw32	IID:matching/bin/hist_isect_c.mexw32	59a17210ba333a72453174147562ff9e	verbatim
iid/matching/bin/hist_isect_c.mexw64	IID:matching/bin/hist_isect_c.mexw64	3040891ec531c58cd620f95b2706d0ee	verbatim
iid/matching/src/distance_matrix/distance_matrix_kt.cpp	IID:matching/src/distance_matrix/distance_matrix_kt.cpp	b774344fdd61508ed6648ae4c333b98b	verbatim
iid/matching/src/distance_matrix/distance_matrix_norm1.cpp	IID:matching/src/distance_matrix/distance_matrix_norm1.cpp	cebdecc8c7c101184a94f6c562dacc7e	verbatim
iid/matching/src/distance_matrix/distance_matrix_norm2.cpp	IID:matching/src/distance_matrix/distance_matrix_norm2.cpp	81ab20fdfdeb9bf324b085ce7b49cafd	verbatim
iid/matching/src/dtwpath/dpcore.cpp	IID:matching/src/dtwpath/dpcore.cpp	062b605613f207f462a6d65cb954a199	verbatim
iid/matching/src/dtwpath/dtwpath.cpp	IID:matching/src/dtwpath/dtwpath.cpp	ebe1fe4e8c894ac78c9fec865ddc5be4	verbatim
iid/matching/src/dtwpath/stdafx.cpp	IID:matching/src/dtwpath/stdafx.cpp	ed388c37551b59e274eb931757aec198	verbatim
iid/matching/src/dtwpath/stdafx.h	IID:matching/src/dtwpath/stdafx.h	10b291b2220b55c5b3406b3df23e33eb	verbatim
iid/matching/src/dtwpath/targetver.h	IID:matching/src/dtwpath/targetver.h	20a1397a4f718d91f76e2681bef085b6	verbatim
iid/matching/src/hist_isect_c.c	IID:matching/src/hist_isect_c.c	a08399bc47451ce230939e07cf8fabe4	verbatim
iid/matching/traceback_path.m	IID:matching/traceback_path.m	d386becf8c0f039a19db4a0206ebf256	verbatim
iid/mbs/Determine_xy.m	IID:mbs/Determine_xy.m	08d86ae95fa1878efbca7caac04b6fd5	verbatim
iid/mbs/bin/Determine_segment.mexa64	IID:mbs/bin/Determine_segment.mexa64	7cf82f2fdf753f9e06109b41ab3d9de0	verbatim
iid/mbs/bin/Determine_segment.mexmaci64	IID:mbs/bin/Determine_segment.mexmaci64	29aa4bd9197a909bc4a1ed344fb9732e	verbatim
iid/mbs/bin/Determine_segment.mexw32	IID:mbs/bin/Determine_segment.mexw32	2527a7dd1a362cf17cbb3125934937a3	verbatim
iid/mbs/bin/Determine_segment.mexw64	IID:mbs/bin/Determine_segment.mexw64	6a452c9c7bf28342601f7b875b41ff36	verbatim
iid/mbs/bin/MelkmanConvexHull.mexw32	IID:mbs/bin/MelkmanConvexHull.mexw32	6f930cebb59de54fa822f258ae625835	verbatim
iid/mbs/bin/MelkmanConvexHull.mexw64	IID:mbs/bin/MelkmanConvexHull.mexw64	587e5683a430d15dede7b0bbb2fa724c	verbatim
iid/mbs/bin/tricircumcenter3d.mexa64	IID:mbs/bin/tricircumcenter3d.mexa64	bb851df5d2cf6340201919913cc58d75	verbatim
iid/mbs/bin/tricircumcenter3d.mexmaci64	IID:mbs/bin/tricircumcenter3d.mexmaci64	8cb0bf02d5318755a14678e7720a5673	verbatim
iid/mbs/bin/tricircumcenter3d.mexw32	IID:mbs/bin/tricircumcenter3d.mexw32	4dfa764a6cd1700a16490e07843e8d29	verbatim
iid/mbs/bin/tricircumcenter3d.mexw64	IID:mbs/bin/tricircumcenter3d.mexw64	4745060c2a9df3907fc6dccb46f60f3b	verbatim
iid/mbs/bin/tricircumcenter3d.val3build.mexmaci64	IID:mbs/bin/tricircumcenter3d.val3build.mexmaci64	02f410cd87892b89c1f37f1a520d2c23	verbatim
iid/mbs/splitting_curve_2D.m	IID:mbs/splitting_curve_2D.m	d27489932488be5faece27bb57188d1f	verbatim
iid/mbs/splitting_curve_3D.m	IID:mbs/splitting_curve_3D.m	62d528113b4c2e7e21c25280aae49547	verbatim
iid/mbs/src/Determine_segment.cpp	IID:mbs/src/Determine_segment.cpp	1d9abe305272a8850753c090d9ad5b61	verbatim
iid/mbs/src/MTMemoryPool.h	IID:mbs/src/MTMemoryPool.h	cd820cb47f77aebf8121d5d65f8f3171	verbatim
iid/mbs/src/MemoryPool.h	IID:mbs/src/MemoryPool.h	5fe224f712593609838f5117ab0e67de	verbatim
iid/mbs/src/mini_math_kernel.h	IID:mbs/src/mini_math_kernel.h	9415bd514f84cb1d128b7693529f134b	verbatim
iid/mbs/src/stdafx.cpp	IID:mbs/src/stdafx.cpp	4ab2e864df16721ea294ca935280fada	verbatim
iid/mbs/src/stdafx.h	IID:mbs/src/stdafx.h	10b291b2220b55c5b3406b3df23e33eb	verbatim
iid/mbs/src/targetver.h	IID:mbs/src/targetver.h	20a1397a4f718d91f76e2681bef085b6	verbatim
iid/mbs/src/tricircumcenter3d.cpp	IID:mbs/src/tricircumcenter3d.cpp	9e8324fb95211122cc0262dd3365a739	verbatim
iid/mbs/src/unit_reco.cpp	IID:mbs/src/unit_reco.cpp	174e02f59a28523ca15f39c546bddc16	verbatim
iid/mbs/src/unit_reco.h	IID:mbs/src/unit_reco.h	f3259e80da5a968f74f5d689872310d2	verbatim
iid/mbs/transform_firstOctant.m	IID:mbs/transform_firstOctant.m	7534555881ac0f522a2c5b15e0b48863	verbatim
iid/preprocess/fillstapoint.m	IID:preprocess/fillstapoint.m	8217fbef643402095e3b9c302e1b1e6d	verbatim
iid/preprocess/interpolation.m	IID:preprocess/interpolation.m	5013e477459a12d9cd75e812e2277a34	verbatim
iid/preprocess/movave.m	IID:preprocess/movave.m	3653b976098ffde596db9f8b519930c7	verbatim
iid/preprocess/normalization.m	IID:preprocess/normalization.m	4e183c9c908a1b3bb65ae1c4a422acf6	verbatim
iid/preprocess/remove_stapoint.m	IID:preprocess/remove_stapoint.m	5d6bfdb4fc428d8a68227f42f0c2b350	verbatim
iid/utils/plot3d.m	IID:utils/plot3d.m	093f350bf0fa9c98d618696623a3ae63	verbatim
iid/utils/tight_subplot.m	IID:utils/tight_subplot.m	3ae2e152bd0c7c9e70e5cb5038967ebc	verbatim
loghog/bin/LogHOg.mexw32.manifest	SHARE:MatlabProjects/work/LogHOg.mexw32.manifest	1e4a89b11eae0fcf8bb5fdd5ec3b6f61	verbatim
loghog/bin/LogHog.mexw32	SHARE:MatlabProjects/work/ASLEvaluatingCode/LogHog.mexw32	49018005e9f8ac8f9331b44d0eb22677	verbatim
loghog/bin/LogHog.mexw64	LOCAL:Projects/Work/Log_Hog/Log_Hog.zip:Log_Hog/Log_Hog/LogHog.mexw64	122157c79db67c2cf1e3309965837f63	verbatim
loghog/src/LogHog.cpp	LOCAL:Projects/Work/Log_Hog/Log_Hog.zip:Log_Hog/Log_Hog/LogHog.cpp	dab5f55a2e8f055c53135a65e088f5ba	verbatim
loghog/src/Log_Hog.sln	LOCAL:Projects/Work/Log_Hog/Log_Hog.zip:Log_Hog/Log_Hog.sln	555c14c8357518dd389e5f67058bbd53	verbatim
loghog/src/Log_Hog.vcxproj	LOCAL:Projects/Work/Log_Hog/Log_Hog.zip:Log_Hog/Log_Hog/Log_Hog.vcxproj	264f8ae48f8f2661149050dcf776c19f	verbatim
loghog/src/Log_Hog.vcxproj.filters	LOCAL:Projects/Work/Log_Hog/Log_Hog.zip:Log_Hog/Log_Hog/Log_Hog.vcxproj.filters	677212ebf6d960e56ab3f39166ba0e62	verbatim
loghog/src/ReadMe.txt	LOCAL:Projects/Work/Log_Hog/Log_Hog.zip:Log_Hog/Log_Hog/ReadMe.txt	8caec346b7506d9114c31275369a18a9	verbatim
loghog/src/log_hogcalculator.cpp	LOCAL:Projects/Work/Log_Hog/Log_Hog.zip:Log_Hog/Log_Hog/log_hogcalculator.cpp	e0508779c702912b2a45503c25f3c095	verbatim
loghog/src/log_hogcalculator.h	LOCAL:Projects/Work/Log_Hog/Log_Hog.zip:Log_Hog/Log_Hog/log_hogcalculator.h	80106a9277875ae572e55986999d5356	verbatim
loghog/src/stdafx.cpp	LOCAL:Projects/Work/Log_Hog/Log_Hog.zip:Log_Hog/Log_Hog/stdafx.cpp	5c65bff30d04ca9a5205545e339a51c7	modified
loghog/src/stdafx.h	LOCAL:Projects/Work/Log_Hog/Log_Hog.zip:Log_Hog/Log_Hog/stdafx.h	721ceada00adfb0aaa92400fbb40beaa	modified
loghog/src/targetver.h	LOCAL:Projects/Work/Log_Hog/Log_Hog.zip:Log_Hog/Log_Hog/targetver.h	20a1397a4f718d91f76e2681bef085b6	modified
ssm/Temporal_SSM.m	SHARE:MatlabProjects/work/Temporal_SSM.m	9c8ffdec7b8e9e9eda2474e6c81802ee	modified
thirdparty/C3D/README.pdf	IID:thirdparty/C3D/README.pdf	5dfa5883ac0c35944628b054b649eed0	verbatim
thirdparty/C3D/analog2videoframes.m	IID:thirdparty/C3D/analog2videoframes.m	7039d3ef23e2afa784fe79a85342ffb5	verbatim
thirdparty/C3D/c3dserver.m	IID:thirdparty/C3D/c3dserver.m	7a5c9fa960bf43618642608c008451fd	verbatim
thirdparty/C3D/closec3d.m	IID:thirdparty/C3D/closec3d.m	ce2b28183b9b70aca61454859684036d	verbatim
thirdparty/C3D/createc3d.m	IID:thirdparty/C3D/createc3d.m	6066bcf76b7999b55f1b0323243a6f76	verbatim
thirdparty/C3D/get3dtarget.m	IID:thirdparty/C3D/get3dtarget.m	f6d204c058f8929a2517a53a8807b7af	verbatim
thirdparty/C3D/get3dtargets.m	IID:thirdparty/C3D/get3dtargets.m	7abd1398f0442c99e01d6ae3e1cfb538	verbatim
thirdparty/C3D/getanalogchannel.m	IID:thirdparty/C3D/getanalogchannel.m	5d8f7c1d926450ecce8d20fa8058c3ee	verbatim
thirdparty/C3D/getanalogchannels.m	IID:thirdparty/C3D/getanalogchannels.m	79ae569be5ed83163d5082970f4a4cbf	verbatim
thirdparty/C3D/getemgchannels.m	IID:thirdparty/C3D/getemgchannels.m	f926a1680cd0f9f3fa61644b72a6878d	verbatim
thirdparty/C3D/nframes.m	IID:thirdparty/C3D/nframes.m	a1984fae284d2a4f1a32a93e45b987d7	verbatim
thirdparty/C3D/openc3d.m	IID:thirdparty/C3D/openc3d.m	c7ecedd065a790b2cc058bb8b4d01a2f	verbatim
thirdparty/C3D/savec3d.m	IID:thirdparty/C3D/savec3d.m	402c5d7101af1046e19be23163d8f7af	verbatim
thirdparty/HMMall/HMM/README.txt	SHARE:MatlabProjects/work/HMMall/HMM/README.txt	efafb7072acc83e8cb6a13111686d1e4	verbatim
thirdparty/HMMall/HMM/fwdback.m	SHARE:MatlabProjects/work/HMMall/HMM/fwdback.m	66697e3884da4cef384eb0ca58e6bd28	verbatim
thirdparty/HMMall/HMM/mhmm_em.m	SHARE:MatlabProjects/work/HMMall/HMM/mhmm_em.m	caed6b9f6b1eb0004b5e0163edcb6ffd	verbatim
thirdparty/HMMall/HMM/mhmm_logprob.m	SHARE:MatlabProjects/work/HMMall/HMM/mhmm_logprob.m	d12d5fe0544f668eafe34510e36e07c2	verbatim
thirdparty/HMMall/HMM/mk_leftright_transmat.m	SHARE:MatlabProjects/work/HMMall/HMM/mk_leftright_transmat.m	1f8cda85cb6a97be92524a1ed0a42279	verbatim
thirdparty/HMMall/KPMstats/README.txt	SHARE:MatlabProjects/work/HMMall/KPMstats/README.txt	ba38cd12210ab9985de6a83e61f54989	verbatim
thirdparty/HMMall/KPMstats/eigdec.m	SHARE:MatlabProjects/work/HMMall/KPMstats/eigdec.m	0d65ca45e5c97b21106173f17d60302f	verbatim
thirdparty/HMMall/KPMstats/gaussian_prob.m	SHARE:MatlabProjects/work/HMMall/KPMstats/gaussian_prob.m	129cb08a294be6fc141b1625d359b858	verbatim
thirdparty/HMMall/KPMstats/mixgauss_Mstep.m	SHARE:MatlabProjects/work/HMMall/KPMstats/mixgauss_Mstep.m	08e1e2d2f0197c6d18d4497a67ee3832	verbatim
thirdparty/HMMall/KPMstats/mixgauss_init.m	SHARE:MatlabProjects/work/HMMall/KPMstats/mixgauss_init.m	d65c974dfa0af498a98f23d76a20588c	verbatim
thirdparty/HMMall/KPMstats/mixgauss_prob.m	SHARE:MatlabProjects/work/HMMall/KPMstats/mixgauss_prob.m	d0c25e2957ce8c2b81bb3f6a6a8c28ec	verbatim
thirdparty/HMMall/KPMtools/README.txt	SHARE:MatlabProjects/work/HMMall/KPMtools/README.txt	855d99a5cb0b28cf5b957e5c570ded8f	verbatim
thirdparty/HMMall/KPMtools/approxeq.m	SHARE:MatlabProjects/work/HMMall/KPMtools/approxeq.m	98c4cccf056b60f5c0b51fb39514400d	verbatim
thirdparty/HMMall/KPMtools/em_converged.m	SHARE:MatlabProjects/work/HMMall/KPMtools/em_converged.m	ba76f8b925c5afc6354f159be8d48415	verbatim
thirdparty/HMMall/KPMtools/foptions.m	SHARE:MatlabProjects/work/HMMall/KPMtools/foptions.m	484694e49dc6137610cb91e7fb41df78	verbatim
thirdparty/HMMall/KPMtools/isposdef.m	SHARE:MatlabProjects/work/HMMall/KPMtools/isposdef.m	c9960e90e8c79abc25680bc8243daafc	verbatim
thirdparty/HMMall/KPMtools/logdet.m	SHARE:MatlabProjects/work/HMMall/KPMtools/logdet.m	e82e6463a40bfd67b7e5cc0591a6924a	verbatim
thirdparty/HMMall/KPMtools/max_mult.m	SHARE:MatlabProjects/work/HMMall/KPMtools/max_mult.m	65727bb327a07757ebac94ca94e2dddf	verbatim
thirdparty/HMMall/KPMtools/mk_stochastic.m	SHARE:MatlabProjects/work/HMMall/KPMtools/mk_stochastic.m	055db7c7003697a61af79c4346372f34	verbatim
thirdparty/HMMall/KPMtools/normalise.m	SHARE:MatlabProjects/work/HMMall/KPMtools/normalise.m	c68bead91edd10b73b57f077962da15c	verbatim
thirdparty/HMMall/KPMtools/process_options.m	SHARE:MatlabProjects/work/HMMall/KPMtools/process_options.m	4a2d9abefc65633bd669d204b46902c9	verbatim
thirdparty/HMMall/KPMtools/repmatC.c	SHARE:MatlabProjects/work/HMMall/KPMtools/repmatC.c	6b8186666ae7236950736b665428a93a	verbatim
thirdparty/HMMall/KPMtools/repmatC.dll	SHARE:MatlabProjects/work/HMMall/KPMtools/repmatC.dll	6ca281bc66b836bf825a8a2d06cf1287	verbatim
thirdparty/HMMall/KPMtools/sqdist.m	SHARE:MatlabProjects/work/HMMall/KPMtools/sqdist.m	a72306ea7f17266472cbd7b29fa9af13	verbatim
thirdparty/HMMall/netlab3.3/LICENSE	SHARE:MatlabProjects/work/HMMall/netlab3.3/LICENSE	6de80949c4324e7a4284f07a79057726	verbatim
thirdparty/HMMall/netlab3.3/consist.m	SHARE:MatlabProjects/work/HMMall/netlab3.3/consist.m	697c4c974f352f45dbc309660bce5d55	verbatim
thirdparty/HMMall/netlab3.3/dist2.m	SHARE:MatlabProjects/work/HMMall/netlab3.3/dist2.m	cedd7ec053278400a89222c0a941e36d	verbatim
thirdparty/HMMall/netlab3.3/eigdec.m	SHARE:MatlabProjects/work/HMMall/netlab3.3/eigdec.m	4eda425be395278697e7c81646ae78fa	verbatim
thirdparty/HMMall/netlab3.3/gmm.m	SHARE:MatlabProjects/work/HMMall/netlab3.3/gmm.m	ef5ed34cebfad93f0ff82409f02b72ac	verbatim
thirdparty/HMMall/netlab3.3/gmmactiv.m	SHARE:MatlabProjects/work/HMMall/netlab3.3/gmmactiv.m	69d075bf04325ed5b7d53e1577751a85	verbatim
thirdparty/HMMall/netlab3.3/gmmem.m	SHARE:MatlabProjects/work/HMMall/netlab3.3/gmmem.m	c3659e17959e77961b0f47e1b64b4ca4	verbatim
thirdparty/HMMall/netlab3.3/gmminit.m	SHARE:MatlabProjects/work/HMMall/netlab3.3/gmminit.m	d78f5fafc9894c130e56ad6f56622dd9	verbatim
thirdparty/HMMall/netlab3.3/gmmpost.m	SHARE:MatlabProjects/work/HMMall/netlab3.3/gmmpost.m	221a471a7cf74b80b5e2be887aaec29f	verbatim
thirdparty/HMMall/netlab3.3/gmmprob.m	SHARE:MatlabProjects/work/HMMall/netlab3.3/gmmprob.m	2b51b0fcfb11e1d309671852bd0e5046	verbatim
thirdparty/HMMall/netlab3.3/kmeansNetlab.m	SHARE:MatlabProjects/work/HMMall/netlab3.3/kmeansNetlab.m	674ddbf1fce0a8c739597eaff797bd77	verbatim
thirdparty/HMMall/netlab3.3/ppca.m	SHARE:MatlabProjects/work/HMMall/netlab3.3/ppca.m	a395e2ec9258b6322080ad182f19c4d5	verbatim
thirdparty/Kalman/AR_to_SS.m	SHARE:MatlabProjects/work/Kalman/AR_to_SS.m	a5a3425f882056a875d29b716b2f069a	verbatim
thirdparty/Kalman/README.txt	SHARE:MatlabProjects/work/Kalman/README.txt	1cd41961bd67983bd24b2bbd79ed0d66	verbatim
thirdparty/Kalman/SS_to_AR.m	SHARE:MatlabProjects/work/Kalman/SS_to_AR.m	36f54429a96953f2e7c3c7fc88192d19	verbatim
thirdparty/Kalman/convert_to_lagged_form.m	SHARE:MatlabProjects/work/Kalman/convert_to_lagged_form.m	aed30de8d3556f011a4575fe1817bb9f	verbatim
thirdparty/Kalman/ensure_AR.m	SHARE:MatlabProjects/work/Kalman/ensure_AR.m	eebc7f6a95834295617508bdc34f069b	verbatim
thirdparty/Kalman/eval_AR_perf.m	SHARE:MatlabProjects/work/Kalman/eval_AR_perf.m	17bd0968e7360682c491d6928d91e9c3	verbatim
thirdparty/Kalman/kalman_filter.m	SHARE:MatlabProjects/work/Kalman/kalman_filter.m	5c006a18571ffb8f23d69bc1e406d50b	verbatim
thirdparty/Kalman/kalman_forward_backward.m	SHARE:MatlabProjects/work/Kalman/kalman_forward_backward.m	1458b76ba2662bdec666e7b4d422ce8d	verbatim
thirdparty/Kalman/kalman_smoother.m	SHARE:MatlabProjects/work/Kalman/kalman_smoother.m	b4da613b46a4b24313fd24d56e0588c9	verbatim
thirdparty/Kalman/kalman_update.m	SHARE:MatlabProjects/work/Kalman/kalman_update.m	655c055064ab0895a7061f0625ab9b16	verbatim
thirdparty/Kalman/learn_AR.m	SHARE:MatlabProjects/work/Kalman/learn_AR.m	065642664948c80f5cd8111a8d380f32	verbatim
thirdparty/Kalman/learn_AR_diagonal.m	SHARE:MatlabProjects/work/Kalman/learn_AR_diagonal.m	be68c6d8abeec226bfced42dd6f0db04	verbatim
thirdparty/Kalman/learn_kalman.m	SHARE:MatlabProjects/work/Kalman/learn_kalman.m	d0a3eadd7f797f9383d3eaa4c716787b	verbatim
thirdparty/Kalman/learning_demo.m	SHARE:MatlabProjects/work/Kalman/learning_demo.m	ef708941bf3bc63a81d2d95342091232	verbatim
thirdparty/Kalman/sample_lds.m	SHARE:MatlabProjects/work/Kalman/sample_lds.m	ed0eb0a51c911e43be88c856633208f1	verbatim
thirdparty/Kalman/smooth_update.m	SHARE:MatlabProjects/work/Kalman/smooth_update.m	792f8270e24714ac133aacc208cbb103	verbatim
thirdparty/Kalman/testKalman.m	SHARE:MatlabProjects/work/Kalman/testKalman.m	bb9c5c244dd83ee93992eb0726206e09	verbatim
thirdparty/Kalman/tracking_demo.m	SHARE:MatlabProjects/work/Kalman/tracking_demo.m	86c37f6374c59af680906c879cecb16c	verbatim
thirdparty/ScSPM/README.dat	SHARE:MatlabProjects/work/ScSPM/README.dat	5d3e51b2c90ef28e004fa1b874baaeac	verbatim
thirdparty/ScSPM/large_scale_svm/lbfgs2.m	SHARE:MatlabProjects/work/ScSPM/large_scale_svm/lbfgs2.m	d76e2343e56774f0b87d35784f66a526	verbatim
thirdparty/ScSPM/large_scale_svm/li2nsvm_grad.m	SHARE:MatlabProjects/work/ScSPM/large_scale_svm/li2nsvm_grad.m	c9face9f01a89b849f4eb97eac0f4046	verbatim
thirdparty/ScSPM/large_scale_svm/li2nsvm_lbfgs.m	SHARE:MatlabProjects/work/ScSPM/large_scale_svm/li2nsvm_lbfgs.m	2500aaa8c171b5bc8877ae51b08c575f	verbatim
thirdparty/ScSPM/large_scale_svm/li2nsvm_multiclass_fwd.m	SHARE:MatlabProjects/work/ScSPM/large_scale_svm/li2nsvm_multiclass_fwd.m	767a6436842295556da2b6e3aab73f47	verbatim
thirdparty/ScSPM/large_scale_svm/li2nsvm_multiclass_lbfgs.m	SHARE:MatlabProjects/work/ScSPM/large_scale_svm/li2nsvm_multiclass_lbfgs.m	e897cd7a3540f914e6e35ffe0bec0b16	verbatim
thirdparty/ScSPM/large_scale_svm/lineSearchWolfe.m	SHARE:MatlabProjects/work/ScSPM/large_scale_svm/lineSearchWolfe.m	c9ed5a9a934a731c5d147cc1af5985ab	verbatim
thirdparty/ScSPM/large_scale_svm/oneofc.m	SHARE:MatlabProjects/work/ScSPM/large_scale_svm/oneofc.m	f79bf22fd5f883efee5d097116646506	verbatim
thirdparty/ScSPM/large_scale_svm/oneofc_inv.m	SHARE:MatlabProjects/work/ScSPM/large_scale_svm/oneofc_inv.m	758deab8c486f44022eb248fab376881	verbatim
thirdparty/ScSPM/large_scale_svm/regurgitate.m	SHARE:MatlabProjects/work/ScSPM/large_scale_svm/regurgitate.m	41e9b1fe66fbeaf1106001b0b54d7dde	verbatim
thirdparty/ScSPM/main.m	SHARE:MatlabProjects/work/ScSPM/main.m	4147dec476b38d00a9546d9e974f8192	verbatim
thirdparty/ScSPM/rand_sampling.m	SHARE:MatlabProjects/work/ScSPM/rand_sampling.m	e6686da06e5b48ec8191b96ea70abbc6	verbatim
thirdparty/ScSPM/retr_database_dir.m	SHARE:MatlabProjects/work/ScSPM/retr_database_dir.m	6200d45477beedb4672ac6c863a10dde	verbatim
thirdparty/ScSPM/sc_approx_pooling.m	SHARE:MatlabProjects/work/ScSPM/sc_approx_pooling.m	3b886ba5ce60acda1b4fb07a49a62276	verbatim
thirdparty/ScSPM/sc_pooling.m	SHARE:MatlabProjects/work/ScSPM/sc_pooling.m	33ba8e6099bd79bc9dacb6d087146efc	verbatim
thirdparty/ScSPM/sparse_coding/L1QP_FeatureSign_Set.m	SHARE:MatlabProjects/work/ScSPM/sparse_coding/L1QP_FeatureSign_Set.m	2a3b48b8d2649f4c2ea3a21920dbd2e3	verbatim
thirdparty/ScSPM/sparse_coding/L1QP_FeatureSign_yang.m	SHARE:MatlabProjects/work/ScSPM/sparse_coding/L1QP_FeatureSign_yang.m	b75a92296ab36422e5874fb71a81e9ae	verbatim
thirdparty/ScSPM/sparse_coding/feature_sign.m	SHARE:MatlabProjects/work/ScSPM/sparse_coding/feature_sign.m	7e22735a12749708aa0c8d1b6d2ed847	verbatim
thirdparty/ScSPM/sparse_coding/getObjective_RegSc.m	SHARE:MatlabProjects/work/ScSPM/sparse_coding/getObjective_RegSc.m	718b7f029e857e630fc550b35a5404ae	verbatim
thirdparty/ScSPM/sparse_coding/l2ls_learn_basis_dual.m	SHARE:MatlabProjects/work/ScSPM/sparse_coding/l2ls_learn_basis_dual.m	7cc67b6ab0d08d922a3302c284712655	verbatim
thirdparty/ScSPM/sparse_coding/reg_sparse_coding.m	SHARE:MatlabProjects/work/ScSPM/sparse_coding/reg_sparse_coding.m	2adc4ade3b5f1de45b495c6f8959cf58	verbatim
thirdparty/ScSPM/sparse_coding/sc2/cgf_fitS_sc2.m	SHARE:MatlabProjects/work/ScSPM/sparse_coding/sc2/cgf_fitS_sc2.m	7b18b54cfd2ad637b012858108a46f5f	verbatim
thirdparty/ScSPM/sparse_coding/sc2/cgf_sc.c	SHARE:MatlabProjects/work/ScSPM/sparse_coding/sc2/cgf_sc.c	72ab7b8194ea74e258742ec4361a0f4e	verbatim
thirdparty/ScSPM/sparse_coding/sc2/cgf_sc2.dll	SHARE:MatlabProjects/work/ScSPM/sparse_coding/sc2/cgf_sc2.dll	0f0568440fb4c34ddef5602020c93be7	verbatim
thirdparty/ScSPM/sparse_coding/sc2/cgf_sc2.mexa64	SHARE:MatlabProjects/work/ScSPM/sparse_coding/sc2/cgf_sc2.mexa64	2ea562f646232e823d2cfb5cac8c11f7	verbatim
thirdparty/ScSPM/sparse_coding/sc2/cgf_sc2.mexglx	SHARE:MatlabProjects/work/ScSPM/sparse_coding/sc2/cgf_sc2.mexglx	211dd8771987a37a16b23c6929e5f1d0	verbatim
thirdparty/ScSPM/sparse_coding/sc2/getObjective2.m	SHARE:MatlabProjects/work/ScSPM/sparse_coding/sc2/getObjective2.m	14d5ca0e80cfcbbce64f2b1d8fe24f2c	verbatim
thirdparty/ScSPM/sparse_coding/sc2/getObjective3.m	SHARE:MatlabProjects/work/ScSPM/sparse_coding/sc2/getObjective3.m	86fe6ef56dedbc5f8356ffa54e4cb993	verbatim
thirdparty/ScSPM/sparse_coding/sc2/getObjective_knn.m	SHARE:MatlabProjects/work/ScSPM/sparse_coding/sc2/getObjective_knn.m	cbf32cb2dfb861ebe3da26c43e8a7c5b	verbatim
thirdparty/ScSPM/sparse_coding/sc2/getObjective_sc.m	SHARE:MatlabProjects/work/ScSPM/sparse_coding/sc2/getObjective_sc.m	1279ac30869f15a96dc0a607e064601a	verbatim
thirdparty/ScSPM/sparse_coding/sc2/nrf/.svn/text-base/README.svn-base	SHARE:MatlabProjects/work/ScSPM/sparse_coding/sc2/nrf/.svn/text-base/README.svn-base	b2d6fd832a61e6657a827fee2c963e93	verbatim
thirdparty/ScSPM/sparse_coding/sc2/nrf/README	SHARE:MatlabProjects/work/ScSPM/sparse_coding/sc2/nrf/README	b2d6fd832a61e6657a827fee2c963e93	verbatim
thirdparty/ScSPM/sparse_coding/sc2/nrf/brent.c	SHARE:MatlabProjects/work/ScSPM/sparse_coding/sc2/nrf/brent.c	88771e2c55de3b96800a2512d152e8e4	verbatim
thirdparty/ScSPM/sparse_coding/sc2/nrf/frprmn.c	SHARE:MatlabProjects/work/ScSPM/sparse_coding/sc2/nrf/frprmn.c	9f8814a7571d590804fbaea92cd8e0d6	verbatim
thirdparty/ScSPM/sparse_coding/sc2/nrf/getreent.c	SHARE:MatlabProjects/work/ScSPM/sparse_coding/sc2/nrf/getreent.c	02eab9671887e09cfe7456eb8035d59c	verbatim
thirdparty/ScSPM/sparse_coding/sc2/nrf/impure.c	SHARE:MatlabProjects/work/ScSPM/sparse_coding/sc2/nrf/impure.c	ad8d978bc97aa52450b720ec82177efd	verbatim
thirdparty/ScSPM/sparse_coding/sc2/nrf/linmin.c	SHARE:MatlabProjects/work/ScSPM/sparse_coding/sc2/nrf/linmin.c	3c529e0e8067ff5df966e307c0e0f892	verbatim
thirdparty/ScSPM/sparse_coding/sc2/nrf/mnbrak.c	SHARE:MatlabProjects/work/ScSPM/sparse_coding/sc2/nrf/mnbrak.c	a37d25ec315cdf60cb8ff4798a8598c5	verbatim
thirdparty/ScSPM/sparse_coding/sc2/nrf/nrutil.c	SHARE:MatlabProjects/work/ScSPM/sparse_coding/sc2/nrf/nrutil.c	9788dc213599c6bbb37f0c23c60df729	verbatim
thirdparty/ScSPM/sparse_coding/sc2/nrf/nrutil.h	SHARE:MatlabProjects/work/ScSPM/sparse_coding/sc2/nrf/nrutil.h	3ccc795ef1c1c06ec68287533b6a4431	verbatim
thirdparty/SpectralClustering/MeanShiftCluster.m	IID:thirdparty/SpectralClustering/MeanShiftCluster.m	9562918e880d06b34e2a7472a9ddd206	verbatim
thirdparty/SpectralClustering/RankOneDecom_Feaures.m	IID:thirdparty/SpectralClustering/RankOneDecom_Feaures.m	e8295cc1322bb9d87bc8cdb1bce495f2	verbatim
thirdparty/SpectralClustering/Spec_Clustering.m	IID:thirdparty/SpectralClustering/Spec_Clustering.m	b20c824e62c9133e1f00b73caf8bc49d	verbatim
thirdparty/SpectralClustering/SpectralClustering.m	IID:thirdparty/SpectralClustering/SpectralClustering.m	25eebb607ce2040c1b46c568d2dd314c	verbatim
thirdparty/SpectralClustering/testMeanShift.m	IID:thirdparty/SpectralClustering/testMeanShift.m	b9e6e79ca7b48a22e9b7524ea74c12e9	verbatim
thirdparty/computeBoV/DescriptorSoftCode.m	SHARE:MatlabProjects/work/computeBoV/DescriptorSoftCode.m	41e850966118dbfa8475f559eae9ed17	verbatim
thirdparty/computeBoV/computeBoV.m	SHARE:MatlabProjects/work/computeBoV/computeBoV.m	d353a9593414b5b34273009b5a975d5e	verbatim
thirdparty/computeBoV/learnCodebook.m	SHARE:MatlabProjects/work/computeBoV/learnCodebook.m	fd88c3d3a14e7fb3e741fd4b4269e2c8	verbatim
thirdparty/computeBoV/license.txt	SHARE:MatlabProjects/work/computeBoV/license.txt	aeb8b28d29ac358d8db245dc953a88c9	verbatim
thirdparty/computeBoV/poolResponses.m	SHARE:MatlabProjects/work/computeBoV/poolResponses.m	04988f22109044c233dafd484b48cc96	verbatim
thirdparty/cp3_decomposition/cp3_alsls.m	SHARE:MatlabProjects/work/decomposition of a 3rd order tensor/cp3_alsls.m	02c207f51f57b9ad9490566d14aa5ded	verbatim
thirdparty/cp3_decomposition/cp3_init.m	SHARE:MatlabProjects/work/decomposition of a 3rd order tensor/cp3_init.m	eed6437b641d0608ceb207f5f1c35aff	verbatim
thirdparty/cp3_decomposition/readme.txt	SHARE:MatlabProjects/work/decomposition of a 3rd order tensor/readme.txt	840ef60d8085d60c5af0aee845b172b1	verbatim
thirdparty/cp3_decomposition/solve_perm_scale.m	SHARE:MatlabProjects/work/decomposition of a 3rd order tensor/solve_perm_scale.m	bb48ba1b051d05a5bf03505fddcc2e89	verbatim
thirdparty/histogram_distance/build.m	SHARE:MatlabProjects/work/histogram_distance/build.m	5355b3e3a1951a57103cd247f7afa439	verbatim
thirdparty/histogram_distance/chi_square_statistics.m	SHARE:MatlabProjects/work/histogram_distance/chi_square_statistics.m	6fc339626e24f2c374488b728cd24de6	verbatim
thirdparty/histogram_distance/chi_square_statistics_fast.cpp	SHARE:MatlabProjects/work/histogram_distance/chi_square_statistics_fast.cpp	f0895091fbd856824a88e2f9d1b5ebfd	verbatim
thirdparty/histogram_distance/chi_square_statistics_fast.mexw32	SHARE:MatlabProjects/work/histogram_distance/chi_square_statistics_fast.mexw32	545c2f8c69427dfd0ab211b973e8b5cf	verbatim
thirdparty/histogram_distance/hist_dist_example.m	SHARE:MatlabProjects/work/histogram_distance/hist_dist_example.m	d71b70cb65e82263d2709d719a0f0b5f	verbatim
thirdparty/histogram_distance/histogram_intersection.m	SHARE:MatlabProjects/work/histogram_distance/histogram_intersection.m	f917bea41268a70fa60f1053e4abcd55	verbatim
thirdparty/histogram_distance/jeffrey_divergence.m	SHARE:MatlabProjects/work/histogram_distance/jeffrey_divergence.m	d74a616bec49ca35376edfb926da7801	verbatim
thirdparty/histogram_distance/jensen_shannon_divergence.m	SHARE:MatlabProjects/work/histogram_distance/jensen_shannon_divergence.m	5466b6ac13e15311e3fdc08cb0dc79c2	verbatim
thirdparty/histogram_distance/kolmogorov_smirnov_distance.m	SHARE:MatlabProjects/work/histogram_distance/kolmogorov_smirnov_distance.m	6209a5c2e588598bccb81ea77e2d1ab7	verbatim
thirdparty/histogram_distance/kullback_leibler_divergence.m	SHARE:MatlabProjects/work/histogram_distance/kullback_leibler_divergence.m	5d61d0d7a40993363122c7725863dfb1	verbatim
thirdparty/histogram_distance/license.txt	SHARE:MatlabProjects/work/histogram_distance/license.txt	ba86e52a23bd4609332957bf3071d4da	verbatim
thirdparty/histogram_distance/match_distance.m	SHARE:MatlabProjects/work/histogram_distance/match_distance.m	831e09a837ad36d73362062460751f6d	verbatim
thirdparty/histogram_distance/quadratic_form_distance.m	SHARE:MatlabProjects/work/histogram_distance/quadratic_form_distance.m	2e73d193a4afd9d123c6c90805cb3a46	verbatim
thirdparty/libsvm-3.17/COPYRIGHT	SHARE:MatlabProjects/work/libsvm-3.17/COPYRIGHT	d4605e317dfd4436b5752a0107ae53b4	verbatim
thirdparty/libsvm-3.17/Makefile	SHARE:MatlabProjects/work/libsvm-3.17/Makefile	62c2d61ff23a51b3d61210f747961c63	verbatim
thirdparty/libsvm-3.17/README	SHARE:MatlabProjects/work/libsvm-3.17/README	af7177807614280dc67bab85121def74	verbatim
thirdparty/libsvm-3.17/matlab/Makefile	SHARE:MatlabProjects/work/libsvm-3.17/matlab/Makefile	026db9cb90512761b181976e2758ccf3	verbatim
thirdparty/libsvm-3.17/matlab/README	SHARE:MatlabProjects/work/libsvm-3.17/matlab/README	d7e280bd0a8d63aa18ccc30537f6e355	verbatim
thirdparty/libsvm-3.17/matlab/demo.m	SHARE:MatlabProjects/work/libsvm-3.17/matlab/demo.m	61a261fcd785b4e5c4018f26d09fb5f5	verbatim
thirdparty/libsvm-3.17/matlab/libsvmread.c	SHARE:MatlabProjects/work/libsvm-3.17/matlab/libsvmread.c	a1ef2906de518a62c632816e27944d79	verbatim
thirdparty/libsvm-3.17/matlab/libsvmread.mexw32	SHARE:MatlabProjects/work/libsvm-3.17/matlab/libsvmread.mexw32	689445660441085d6bc2b28e54130556	verbatim
thirdparty/libsvm-3.17/matlab/libsvmwrite.c	SHARE:MatlabProjects/work/libsvm-3.17/matlab/libsvmwrite.c	d9096579785096aeae15c2e15aa9bc0b	verbatim
thirdparty/libsvm-3.17/matlab/libsvmwrite.mexw32	SHARE:MatlabProjects/work/libsvm-3.17/matlab/libsvmwrite.mexw32	0eb75c8b0017a4b98b4c767efc94c526	verbatim
thirdparty/libsvm-3.17/matlab/make.m	SHARE:MatlabProjects/work/libsvm-3.17/matlab/make.m	fcdc4a9478553fd4228923b01ec50778	verbatim
thirdparty/libsvm-3.17/matlab/svm_model_matlab.c	SHARE:MatlabProjects/work/libsvm-3.17/matlab/svm_model_matlab.c	afd95bb3519ea2a4967e912979999234	verbatim
thirdparty/libsvm-3.17/matlab/svm_model_matlab.h	SHARE:MatlabProjects/work/libsvm-3.17/matlab/svm_model_matlab.h	5c7e1fbcdf7787e27604836141b1cae9	verbatim
thirdparty/libsvm-3.17/matlab/svmpredict.c	SHARE:MatlabProjects/work/libsvm-3.17/matlab/svmpredict.c	1a88a28a5e1f8cf24d514b3401e03815	verbatim
thirdparty/libsvm-3.17/matlab/svmpredict.mexw32	SHARE:MatlabProjects/work/libsvm-3.17/matlab/svmpredict.mexw32	9525b64feccb8701f93a6d126edd2eeb	verbatim
thirdparty/libsvm-3.17/matlab/svmtrain.c	SHARE:MatlabProjects/work/libsvm-3.17/matlab/svmtrain.c	6398502e2e2dd4bc0acdc23c5feb7ea1	verbatim
thirdparty/libsvm-3.17/matlab/svmtrain.mexw32	SHARE:MatlabProjects/work/libsvm-3.17/matlab/svmtrain.mexw32	f0dabe86a76a5fdd9e1a6c6d6009da47	verbatim
thirdparty/libsvm-3.17/svm-predict.c	SHARE:MatlabProjects/work/libsvm-3.17/svm-predict.c	0f3411c8a25c6abbdeaf470545489081	verbatim
thirdparty/libsvm-3.17/svm-scale.c	SHARE:MatlabProjects/work/libsvm-3.17/svm-scale.c	1fbc59af218d153c19169094e74e8cb1	verbatim
thirdparty/libsvm-3.17/svm-train.c	SHARE:MatlabProjects/work/libsvm-3.17/svm-train.c	ad7d16c70e8698b4b6d392dba2d74ee5	verbatim
thirdparty/libsvm-3.17/svm.cpp	SHARE:MatlabProjects/work/libsvm-3.17/svm.cpp	b80d6c1ff6da2fb2d013dd96089007ac	verbatim
thirdparty/libsvm-3.17/svm.def	SHARE:MatlabProjects/work/libsvm-3.17/svm.def	886b05af0231457aa6ae415d0d82b8a0	verbatim
thirdparty/libsvm-3.17/svm.h	SHARE:MatlabProjects/work/libsvm-3.17/svm.h	75ad2594a6cb292d2cc32103a3dc79a4	verbatim
thirdparty/libsvm-3.17/windows/libsvm.dll	SHARE:MatlabProjects/work/libsvm-3.17/windows/libsvm.dll	d88fb55e9d302be7c178f6ff37e674ab	verbatim
thirdparty/libsvm-3.17/windows/libsvmread.mexw64	SHARE:MatlabProjects/work/libsvm-3.17/windows/libsvmread.mexw64	2fc33d5b6b107f543a13f3b86a8c259f	verbatim
thirdparty/libsvm-3.17/windows/libsvmwrite.mexw64	SHARE:MatlabProjects/work/libsvm-3.17/windows/libsvmwrite.mexw64	715be5b0ec2e99f853f48a406bc93ca0	verbatim
thirdparty/libsvm-3.17/windows/svmpredict.mexw64	SHARE:MatlabProjects/work/libsvm-3.17/windows/svmpredict.mexw64	f1ba06e97009f779e29f645a2a2b4d88	verbatim
thirdparty/libsvm-3.17/windows/svmtrain.mexw64	SHARE:MatlabProjects/work/libsvm-3.17/windows/svmtrain.mexw64	f93b7d07e29e4c92c9e77efc181b8fe0	verbatim
thirdparty/mexCalcSsdescs/mexCalcSsdescs.mexw32	SHARE:MatlabProjects/work/mexCalcSsdescs.mexw32	9a22572a0efbee2bfc7d287c349fadf1	verbatim
thirdparty/mexCalcSsdescs/mexCalcSsdescs.mexw64	SHARE:MatlabProjects/work/mexCalcSsdescs.mexw64	ab59c9bbbd61dd77a7e446bfbbf1fcc4	verbatim
thirdparty/sc_demo/README	SHARE:MatlabProjects/work/sc_demo/README	78b7500f8e4720176b925c7d05feca80	verbatim
thirdparty/sc_demo/dist2.m	SHARE:MatlabProjects/work/sc_demo/dist2.m	6a2f7b2b821460d8ce588f117a26c1b6	verbatim
thirdparty/sc_demo/hist_cost.c	SHARE:MatlabProjects/work/sc_demo/hist_cost.c	87fb9f6a5389cc0cfb1857f92f24ca2e	verbatim
thirdparty/sc_demo/hist_cost.dll	SHARE:MatlabProjects/work/sc_demo/hist_cost.dll	5fb74991943e27d3e750390c12c9a300	verbatim
thirdparty/sc_demo/hist_cost.h	SHARE:MatlabProjects/work/sc_demo/hist_cost.h	bd2ad180fbd02991779ef97974cd0c1c	verbatim
thirdparty/sc_demo/hist_cost_2.m	SHARE:MatlabProjects/work/sc_demo/hist_cost_2.m	2a38b31170a44761127c44396fae78e2	verbatim
thirdparty/sc_demo/readme.txt	SHARE:MatlabProjects/work/sc_demo/readme.txt	cc45c89ba933d68d87c964638acea232	verbatim
thirdparty/sc_demo/sc_compute.m	SHARE:MatlabProjects/work/sc_demo/sc_compute.m	616b74060c2385efc0eb47fc9c04af7b	verbatim
thirdparty/yael_v438/COPYING	LOCAL:Projects/Work/yael_v438/COPYING	d32239bcb673463ab874e80d47fae504	verbatim
thirdparty/yael_v438/README	LOCAL:Projects/Work/yael_v438/README	3bddf64cfb932c54bf1366b1e59e083e	verbatim
thirdparty/yael_v438/matlab/Configure.m	LOCAL:Projects/Work/yael_v438/matlab/Configure.m	e861221ee3d97b89ca1ac0b2486b8372	verbatim
thirdparty/yael_v438/matlab/Make.m	LOCAL:Projects/Work/yael_v438/matlab/Make.m	675ff779eba703a0df7dbe992f2557fc	verbatim
thirdparty/yael_v438/matlab/README	LOCAL:Projects/Work/yael_v438/matlab/README	33fea54bf202cae6a908d554577991a0	verbatim
thirdparty/yael_v438/matlab/b2fvecs_read.m	LOCAL:Projects/Work/yael_v438/matlab/b2fvecs_read.m	58b9445ea5835d74f5186f5fddef4b21	verbatim
thirdparty/yael_v438/matlab/bvecs_read.m	LOCAL:Projects/Work/yael_v438/matlab/bvecs_read.m	977df50a2a45c709849888179f2f1e39	verbatim
thirdparty/yael_v438/matlab/bvecs_size.m	LOCAL:Projects/Work/yael_v438/matlab/bvecs_size.m	f740fcd630ac853920781a4a1a4f742c	verbatim
thirdparty/yael_v438/matlab/bvecs_write.m	LOCAL:Projects/Work/yael_v438/matlab/bvecs_write.m	6cec679cf64f52656b11ffacfefce339	verbatim
thirdparty/yael_v438/matlab/fvec_read.m	LOCAL:Projects/Work/yael_v438/matlab/fvec_read.m	363d7d860bcd190414ecad7c6a887f8d	verbatim
thirdparty/yael_v438/matlab/fvec_write.m	LOCAL:Projects/Work/yael_v438/matlab/fvec_write.m	0eb88a1df37dd296f56f52331ed8e54d	verbatim
thirdparty/yael_v438/matlab/fvecs_read.m	LOCAL:Projects/Work/yael_v438/matlab/fvecs_read.m	0318bd7f465153c725687e87ddd7c3ca	verbatim
thirdparty/yael_v438/matlab/fvecs_size.m	LOCAL:Projects/Work/yael_v438/matlab/fvecs_size.m	6d37c7e1e4d00bd9fa8dc774eaf3ca1c	verbatim
thirdparty/yael_v438/matlab/fvecs_write.m	LOCAL:Projects/Work/yael_v438/matlab/fvecs_write.m	69a30552f6ea46eddf3605642048b76b	verbatim
thirdparty/yael_v438/matlab/gmm_read.m	LOCAL:Projects/Work/yael_v438/matlab/gmm_read.m	4a76011f253e15048c463832a1fdf432	verbatim
thirdparty/yael_v438/matlab/ivec_read.m	LOCAL:Projects/Work/yael_v438/matlab/ivec_read.m	68cb23cdec0879a0f09f0773c5ff6c95	verbatim
thirdparty/yael_v438/matlab/ivec_write.m	LOCAL:Projects/Work/yael_v438/matlab/ivec_write.m	cc96e4c56543e2c74419151a3823e9d4	verbatim
thirdparty/yael_v438/matlab/ivecs_read.m	LOCAL:Projects/Work/yael_v438/matlab/ivecs_read.m	bccc2d5437bc4c9f3372086f6f6b6d6d	verbatim
thirdparty/yael_v438/matlab/ivecs_size.m	LOCAL:Projects/Work/yael_v438/matlab/ivecs_size.m	10a6970b9239b5eee1b6831b3665e93a	verbatim
thirdparty/yael_v438/matlab/ivecs_write.m	LOCAL:Projects/Work/yael_v438/matlab/ivecs_write.m	b6fbc8815b3445b63ff6e0650507879d	verbatim
thirdparty/yael_v438/matlab/load_ext.m	LOCAL:Projects/Work/yael_v438/matlab/load_ext.m	2cec807c8443df302331fc4cd049076f	verbatim
thirdparty/yael_v438/matlab/save_ext.m	LOCAL:Projects/Work/yael_v438/matlab/save_ext.m	225eee847e71d3efc0dc3137d172cfd5	verbatim
thirdparty/yael_v438/matlab/siftgeo_read.c	LOCAL:Projects/Work/yael_v438/matlab/siftgeo_read.c	75ec7a37ca0765e768ed8975348e7a86	verbatim
thirdparty/yael_v438/matlab/siftgeo_read.m	LOCAL:Projects/Work/yael_v438/matlab/siftgeo_read.m	65eb5ad63f3acbafad26f4c850e05a31	verbatim
thirdparty/yael_v438/matlab/siftgeo_read.mexa64	LOCAL:Projects/Work/yael_v438/matlab/siftgeo_read.mexa64	79482d7ef7cf10d2ce066aff3fa8c23a	verbatim
thirdparty/yael_v438/matlab/uint8tobit.m	LOCAL:Projects/Work/yael_v438/matlab/uint8tobit.m	1074f77e291a69382ecc5b7d60c2c334	verbatim
thirdparty/yael_v438/matlab/yael_L2sqr.c	LOCAL:Projects/Work/yael_v438/matlab/yael_L2sqr.c	64f1653d709e21de31380ab0efd056a9	verbatim
thirdparty/yael_v438/matlab/yael_L2sqr.m	LOCAL:Projects/Work/yael_v438/matlab/yael_L2sqr.m	81282dfbf310860445f74620ccb58948	verbatim
thirdparty/yael_v438/matlab/yael_L2sqr.mexa64	LOCAL:Projects/Work/yael_v438/matlab/yael_L2sqr.mexa64	2654e87257f08e9af9018825276878c5	verbatim
thirdparty/yael_v438/matlab/yael_cross_distances.c	LOCAL:Projects/Work/yael_v438/matlab/yael_cross_distances.c	18a3e1eb73fbcb419d5003084cda1330	verbatim
thirdparty/yael_v438/matlab/yael_cross_distances.m	LOCAL:Projects/Work/yael_v438/matlab/yael_cross_distances.m	af5bf753183dea59cc7b4a0e4b367958	verbatim
thirdparty/yael_v438/matlab/yael_cross_distances.mexa64	LOCAL:Projects/Work/yael_v438/matlab/yael_cross_distances.mexa64	03a413735aa6f46d4cd27b1f8b560100	verbatim
thirdparty/yael_v438/matlab/yael_eigs.c	LOCAL:Projects/Work/yael_v438/matlab/yael_eigs.c	648635e75475e58915e9111c23e08cd3	verbatim
thirdparty/yael_v438/matlab/yael_eigs.m	LOCAL:Projects/Work/yael_v438/matlab/yael_eigs.m	bbf8ce0e05855babdcc2fef687656383	verbatim
thirdparty/yael_v438/matlab/yael_eigs.mexa64	LOCAL:Projects/Work/yael_v438/matlab/yael_eigs.mexa64	5682f325ea2ad666a98a418b74556eeb	verbatim
thirdparty/yael_v438/matlab/yael_fisher.c	LOCAL:Projects/Work/yael_v438/matlab/yael_fisher.c	4201a49be0caf18412699d24f070ff7d	verbatim
thirdparty/yael_v438/matlab/yael_fisher.m	LOCAL:Projects/Work/yael_v438/matlab/yael_fisher.m	fe530d221b9847454274ea2568b01e89	verbatim
thirdparty/yael_v438/matlab/yael_fisher.mexa64	LOCAL:Projects/Work/yael_v438/matlab/yael_fisher.mexa64	3fc3b6aa4e53e2aa3b99da3afd0657bc	verbatim
thirdparty/yael_v438/matlab/yael_fisher_elem.c	LOCAL:Projects/Work/yael_v438/matlab/yael_fisher_elem.c	ba3b5131024c232e3b13964790ff186d	verbatim
thirdparty/yael_v438/matlab/yael_fisher_elem.m	LOCAL:Projects/Work/yael_v438/matlab/yael_fisher_elem.m	40399906aab89f3d5def8532d60cc1e5	verbatim
thirdparty/yael_v438/matlab/yael_fisher_elem.mexa64	LOCAL:Projects/Work/yael_v438/matlab/yael_fisher_elem.mexa64	c7e0200656f5bcd212045626903951b2	verbatim
thirdparty/yael_v438/matlab/yael_fvecs_normalize.m	LOCAL:Projects/Work/yael_v438/matlab/yael_fvecs_normalize.m	1687902f2d255497b8c79ecbdb31c6b4	verbatim
thirdparty/yael_v438/matlab/yael_gmm.c	LOCAL:Projects/Work/yael_v438/matlab/yael_gmm.c	df416a5ef556d9cf6920277446ff936d	verbatim
thirdparty/yael_v438/matlab/yael_gmm.m	LOCAL:Projects/Work/yael_v438/matlab/yael_gmm.m	0d4733ea6aec16e88cb4721f25a0d5f8	verbatim
thirdparty/yael_v438/matlab/yael_gmm.mexa64	LOCAL:Projects/Work/yael_v438/matlab/yael_gmm.mexa64	22f931fc6add5e6c35631645b7d69951	verbatim
thirdparty/yael_v438/matlab/yael_hamming.c	LOCAL:Projects/Work/yael_v438/matlab/yael_hamming.c	543547d3fee1f09a129d85dea4253553	verbatim
thirdparty/yael_v438/matlab/yael_hamming.m	LOCAL:Projects/Work/yael_v438/matlab/yael_hamming.m	b630ed71a4baee7ecbfa561b2d12cee8	verbatim
thirdparty/yael_v438/matlab/yael_hamming.mexa64	LOCAL:Projects/Work/yael_v438/matlab/yael_hamming.mexa64	2f7e7b7e3a67dff743e1e065b8bf13d9	verbatim
thirdparty/yael_v438/matlab/yael_ivf.c	LOCAL:Projects/Work/yael_v438/matlab/yael_ivf.c	0a33ee0bb9f01886c10a5fb11a58dfbe	verbatim
thirdparty/yael_v438/matlab/yael_ivf.mexa64	LOCAL:Projects/Work/yael_v438/matlab/yael_ivf.mexa64	323fc9f58b27eb077137a5e7604a1f7c	verbatim
thirdparty/yael_v438/matlab/yael_ivf_he.m	LOCAL:Projects/Work/yael_v438/matlab/yael_ivf_he.m	a3d9ade30faad13177030bc79a4fdaed	verbatim
thirdparty/yael_v438/matlab/yael_kmax.c	LOCAL:Projects/Work/yael_v438/matlab/yael_kmax.c	fe457e197dff8fb6352bcea90779e19e	verbatim
thirdparty/yael_v438/matlab/yael_kmax.m	LOCAL:Projects/Work/yael_v438/matlab/yael_kmax.m	fc1109c025b4398d6ac82e9a403db3cf	verbatim
thirdparty/yael_v438/matlab/yael_kmax.mexa64	LOCAL:Projects/Work/yael_v438/matlab/yael_kmax.mexa64	7a06a5c5ed91d06f53838bcc127855fb	verbatim
thirdparty/yael_v438/matlab/yael_kmeans.c	LOCAL:Projects/Work/yael_v438/matlab/yael_kmeans.c	9ec863e13f614fd2dba8ab5fa5bbb904	verbatim
thirdparty/yael_v438/matlab/yael_kmeans.m	LOCAL:Projects/Work/yael_v438/matlab/yael_kmeans.m	0aa2b363bc60b3049b0b654cbea30d9c	verbatim
thirdparty/yael_v438/matlab/yael_kmeans.mexa64	LOCAL:Projects/Work/yael_v438/matlab/yael_kmeans.mexa64	e53d943dc73cf5488e1f12e86bf47676	verbatim
thirdparty/yael_v438/matlab/yael_kmeans.mexw32	SHARE:MatlabProjects/work/yael_v438/matlab/yael_kmeans.mexw32	04bad66021c5527b395aa043eef2967d	verbatim
thirdparty/yael_v438/matlab/yael_kmin.c	LOCAL:Projects/Work/yael_v438/matlab/yael_kmin.c	a2153bad10c7e876a3f512de5700df3c	verbatim
thirdparty/yael_v438/matlab/yael_kmin.m	LOCAL:Projects/Work/yael_v438/matlab/yael_kmin.m	9c0a18bd3826f63bcfcce260fdfe4ae3	verbatim
thirdparty/yael_v438/matlab/yael_kmin.mexa64	LOCAL:Projects/Work/yael_v438/matlab/yael_kmin.mexa64	cde4c2f84ccc013ca94b8a901b77b9c7	verbatim
thirdparty/yael_v438/matlab/yael_minheap.c	LOCAL:Projects/Work/yael_v438/matlab/yael_minheap.c	347a00fd5357755734b70a60ae41b6e5	verbatim
thirdparty/yael_v438/matlab/yael_modulate.c	LOCAL:Projects/Work/yael_v438/matlab/yael_modulate.c	0787a584d5d096fdadae811ffbd4dc3e	verbatim
thirdparty/yael_v438/matlab/yael_modulate.mexa64	LOCAL:Projects/Work/yael_v438/matlab/yael_modulate.mexa64	edef0b70a9f8face62daa3d7f292847d	verbatim
thirdparty/yael_v438/matlab/yael_nn.c	LOCAL:Projects/Work/yael_v438/matlab/yael_nn.c	a882bfb1f9a0d8e848acb5ed9e0db818	verbatim
thirdparty/yael_v438/matlab/yael_nn.m	LOCAL:Projects/Work/yael_v438/matlab/yael_nn.m	adc08b31a08f01d9b0735a94cc01fca9	verbatim
thirdparty/yael_v438/matlab/yael_nn.mexa64	LOCAL:Projects/Work/yael_v438/matlab/yael_nn.mexa64	e3873bc9f126ed3100a8eca0b9e1d71b	verbatim
thirdparty/yael_v438/matlab/yael_pca.m	LOCAL:Projects/Work/yael_v438/matlab/yael_pca.m	aa7a3cf0b3e26bc890a66a46fd9d94f1	verbatim
thirdparty/yael_v438/matlab/yael_svds.c	LOCAL:Projects/Work/yael_v438/matlab/yael_svds.c	aee89a8fb0f1bb0bf7df8df74acdc31c	verbatim
thirdparty/yael_v438/matlab/yael_svds.m	LOCAL:Projects/Work/yael_v438/matlab/yael_svds.m	5191e3fdd007a7e7326fe8d8932f21aa	verbatim
thirdparty/yael_v438/matlab/yael_svds.mexa64	LOCAL:Projects/Work/yael_v438/matlab/yael_svds.mexa64	d4c1077ea3fc0b0fef1ba1acda0fddb5	verbatim
thirdparty/yael_v438/matlab/yael_vecs_normalize.m	LOCAL:Projects/Work/yael_v438/matlab/yael_vecs_normalize.m	113b79aad4badd1d53937499f8078616	verbatim
